time,temp,dwpt,rhum,prcp,snow,wdir,wspd,wpgt,pres,tsun,coco,source,province
2025-03-18 18:00:00,10.6,4.1,64.0,,,22.0,3.6,,1024.7,,,Meteostat,Cao Bang
2025-03-18 19:00:00,,,,,,,,,,,,Meteostat,Cao Bang
2025-03-18 20:00:00,,,,,,,,,,,,Meteostat,Cao Bang
2025-03-18 21:00:00,,,,,,,,,,,,Meteostat,Cao Bang
2025-03-18 22:00:00,,,,,,,,,,,,Meteostat,Cao Bang
2025-03-18 23:00:00,,,,,,,,,,,,Meteostat,Cao Bang
2025-03-19 00:00:00,10.6,4.7,67.0,,,50.0,2.5,,1026.6,,,Meteostat,Cao Bang
2025-03-19 01:00:00,,,,,,,,,,,,Meteostat,Cao Bang
2025-03-19 02:00:00,,,,,,,,,,,,Meteostat,Cao Bang
2025-03-19 03:00:00,,,,,,,,,,,,Meteostat,Cao Bang
2025-03-19 04:00:00,,,,,,,,,,,,Meteostat,Cao Bang
2025-03-19 05:00:00,,,,,,,,,,,,Meteostat,Cao Bang
2025-03-19 06:00:00,21.8,2.5,28.0,,,166.0,7.6,,1023.1,,,Meteostat,Cao Bang
2025-03-19 07:00:00,,,,,,,,,,,,Meteostat,Cao Bang
2025-03-19 08:00:00,,,,,,,,,,,,Meteostat,Cao Bang
2025-03-19 09:00:00,,,,,,,,,,,,Meteostat,Cao Bang
2025-03-19 10:00:00,,,,,,,,,,,,Meteostat,Cao Bang
2025-03-19 11:00:00,,,,,,,,,,,,Meteostat,Cao Bang
2025-03-19 12:00:00,15.7,3.5,44.0,,,88.0,6.1,,1022.2,,,Meteostat,Cao Bang
2025-03-19 13:00:00,,,,,,,,,,,,Meteostat,Cao Bang
2025-03-19 14:00:00,,,,,,,,,,,,Meteostat,Cao Bang
2025-03-19 15:00:00,,,,,,,,,,,,Meteostat,Cao Bang
2025-03-19 16:00:00,,,,,,,,,,,,Meteostat,Cao Bang
2025-03-19 17:00:00,,,,,,,,,,,,Meteostat,Cao Bang
2025-03-19 18:00:00,10.1,3.1,62.0,,,43.0,2.2,,1025.4,,,Meteostat,Cao Bang
2025-03-19 19:00:00,,,,,,,,,,,,Meteostat,Cao Bang
2025-03-19 20:00:00,,,,,,,,,,,,Meteostat,Cao Bang
2025-03-19 21:00:00,,,,,,,,,,,,Meteostat,Cao Bang
2025-03-19 22:00:00,,,,,,,,,,,,Meteostat,Cao Bang
2025-03-19 23:00:00,,,,,,,,,,,,Meteostat,Cao Bang
2025-03-20 00:00:00,12.1,3.3,55.0,,,293.0,1.4,,1027.1,,,Meteostat,Cao Bang
2025-03-20 01:00:00,,,,,,,,,,,,Meteostat,Cao Bang
2025-03-20 02:00:00,,,,,,,,,,,,Meteostat,Cao Bang
2025-03-20 03:00:00,,,,,,,,,,,,Meteostat,Cao Bang
2025-03-20 04:00:00,,,,,,,,,,,,Meteostat,Cao Bang
2025-03-20 05:00:00,,,,,,,,,,,,Meteostat,Cao Bang
2025-03-20 06:00:00,22.7,3.3,28.0,,,217.0,5.4,,1022.9,,,Meteostat,Cao Bang
2025-03-20 07:00:00,,,,,,,,,,,,Meteostat,Cao Bang
2025-03-20 08:00:00,,,,,,,,,,,,Meteostat,Cao Bang
2025-03-20 09:00:00,,,,,,,,,,,,Meteostat,Cao Bang
2025-03-20 10:00:00,,,,,,,,,,,,Meteostat,Cao Bang
2025-03-20 11:00:00,,,,,,,,,,,,Meteostat,Cao Bang
2025-03-20 12:00:00,16.4,6.5,52.0,,,120.0,5.0,,1020.5,,,Meteostat,Cao Bang
2025-03-20 13:00:00,,,,,,,,,,,,Meteostat,Cao Bang
2025-03-20 14:00:00,,,,,,,,,,,,Meteostat,Cao Bang
2025-03-20 15:00:00,,,,,,,,,,,,Meteostat,Cao Bang
2025-03-20 16:00:00,,,,,,,,,,,,Meteostat,Cao Bang
2025-03-20 17:00:00,,,,,,,,,,,,Meteostat,Cao Bang
2025-03-20 18:00:00,12.3,4.8,60.0,,,65.0,2.5,,1023.6,,,Meteostat,Cao Bang
2025-03-20 19:00:00,,,,,,,,,,,,Meteostat,Cao Bang
2025-03-20 20:00:00,,,,,,,,,,,,Meteostat,Cao Bang
2025-03-20 21:00:00,,,,,,,,,,,,Meteostat,Cao Bang
2025-03-20 22:00:00,,,,,,,,,,,,Meteostat,Cao Bang
2025-03-20 23:00:00,,,,,,,,,,,,Meteostat,Cao Bang
2025-03-21 00:00:00,13.5,6.8,64.0,,,164.0,0.4,,1024.0,,,Meteostat,Cao Bang
2025-03-21 01:00:00,,,,,,,,,,,,Meteostat,Cao Bang
2025-03-21 02:00:00,,,,,,,,,,,,Meteostat,Cao Bang
2025-03-21 03:00:00,,,,,,,,,,,,Meteostat,Cao Bang
2025-03-21 04:00:00,,,,,,,,,,,,Meteostat,Cao Bang
2025-03-21 05:00:00,,,,,,,,,,,,Meteostat,Cao Bang
2025-03-21 06:00:00,24.7,9.4,38.0,,,167.0,7.2,,1018.9,,,Meteostat,Cao Bang
2025-03-21 07:00:00,,,,,,,,,,,,Meteostat,Cao Bang
2025-03-21 08:00:00,,,,,,,,,,,,Meteostat,Cao Bang
2025-03-21 09:00:00,,,,,,,,,,,,Meteostat,Cao Bang
2025-03-21 10:00:00,,,,,,,,,,,,Meteostat,Cao Bang
2025-03-21 11:00:00,,,,,,,,,,,,Meteostat,Cao Bang
2025-03-21 12:00:00,18.3,9.4,56.0,,,149.0,9.4,,1017.4,,,Meteostat,Cao Bang
2025-03-21 13:00:00,,,,,,,,,,,,Meteostat,Cao Bang
2025-03-21 14:00:00,16.8,9.2,61.0,,,117.0,8.6,,1020.5,,,Meteostat,Cao Bang
2025-03-21 15:00:00,15.9,9.3,65.0,0.0,,110.0,7.6,,1020.9,,1.0,Meteostat,Cao Bang
2025-03-21 16:00:00,15.2,9.3,68.0,0.0,,101.0,8.6,,1021.3,,1.0,Meteostat,Cao Bang
2025-03-21 17:00:00,14.6,9.2,70.0,0.0,,103.0,8.6,,1021.3,,1.0,Meteostat,Cao Bang
2025-03-21 18:00:00,13.9,9.3,74.0,0.0,,104.0,7.6,,1021.2,,1.0,Meteostat,Cao Bang
2025-03-21 19:00:00,14.2,9.6,74.0,0.0,,105.0,10.1,,1020.0,,1.0,Meteostat,Cao Bang
2025-03-21 20:00:00,13.6,9.3,75.0,0.0,,96.0,9.0,,1019.8,,3.0,Meteostat,Cao Bang
2025-03-21 21:00:00,13.0,8.5,74.0,0.0,,81.0,6.8,,1019.7,,3.0,Meteostat,Cao Bang
2025-03-21 22:00:00,12.9,8.0,72.0,0.0,,83.0,5.4,,1020.3,,3.0,Meteostat,Cao Bang
2025-03-21 23:00:00,12.8,7.3,69.0,0.0,,91.0,5.0,,1021.0,,3.0,Meteostat,Cao Bang
2025-03-22 00:00:00,14.2,7.0,62.0,0.0,,83.0,5.8,,1021.6,,3.0,Meteostat,Cao Bang
2025-03-22 01:00:00,16.9,7.5,54.0,0.0,,42.0,8.3,,1022.2,,3.0,Meteostat,Cao Bang
2025-03-22 02:00:00,19.7,7.4,45.0,0.0,,32.0,10.1,,1022.3,,1.0,Meteostat,Cao Bang
2025-03-22 03:00:00,21.8,7.6,40.0,0.0,,179.0,10.4,,1021.8,,1.0,Meteostat,Cao Bang
2025-03-22 04:00:00,23.8,7.8,36.0,0.0,,170.0,10.8,,1020.8,,1.0,Meteostat,Cao Bang
2025-03-22 05:00:00,25.3,7.4,32.0,0.0,,176.0,11.2,,1019.4,,1.0,Meteostat,Cao Bang
2025-03-22 06:00:00,26.2,7.7,31.0,0.0,,176.0,13.0,,1017.8,,3.0,Meteostat,Cao Bang
2025-03-22 07:00:00,26.6,8.6,32.0,0.0,,175.0,13.7,,1016.4,,2.0,Meteostat,Cao Bang
2025-03-22 08:00:00,26.5,8.9,33.0,0.0,,171.0,14.0,,1015.3,,1.0,Meteostat,Cao Bang
2025-03-22 09:00:00,25.9,9.7,36.0,0.0,,169.0,14.0,,1014.9,,1.0,Meteostat,Cao Bang
2025-03-22 10:00:00,24.7,10.2,40.0,0.0,,168.0,11.9,,1015.0,,1.0,Meteostat,Cao Bang
2025-03-22 11:00:00,21.7,10.5,49.0,0.0,,154.0,9.7,,1015.6,,1.0,Meteostat,Cao Bang
2025-03-22 12:00:00,19.4,10.7,57.0,0.0,,156.0,9.4,,1016.3,,1.0,Meteostat,Cao Bang
2025-03-22 13:00:00,17.9,10.8,63.0,0.0,,135.0,8.6,,1017.2,,1.0,Meteostat,Cao Bang
2025-03-22 14:00:00,17.2,10.8,66.0,0.0,,118.0,7.9,,1017.9,,1.0,Meteostat,Cao Bang
2025-03-22 15:00:00,16.7,10.8,68.0,0.0,,117.0,7.9,,1018.3,,1.0,Meteostat,Cao Bang
2025-03-22 16:00:00,15.9,10.6,71.0,0.0,,112.0,8.6,,1018.8,,1.0,Meteostat,Cao Bang
2025-03-22 17:00:00,15.3,11.1,76.0,0.0,,112.0,9.4,,1018.9,,1.0,Meteostat,Cao Bang
2025-03-22 18:00:00,14.7,11.3,80.0,0.0,,99.0,7.6,,1018.5,,1.0,Meteostat,Cao Bang
2025-03-22 19:00:00,14.2,11.4,83.0,0.0,,95.0,5.8,,1018.3,,1.0,Meteostat,Cao Bang
2025-03-22 20:00:00,13.8,11.5,86.0,0.0,,98.0,5.8,,1018.1,,1.0,Meteostat,Cao Bang
2025-03-22 21:00:00,14.1,12.0,87.0,0.0,,98.0,6.5,,1017.2,,1.0,Meteostat,Cao Bang
2025-03-22 22:00:00,13.9,11.8,87.0,0.0,,94.0,5.0,,1017.4,,1.0,Meteostat,Cao Bang
2025-03-22 23:00:00,13.7,11.4,86.0,0.0,,103.0,5.4,,1017.8,,1.0,Meteostat,Cao Bang
2025-03-23 00:00:00,15.1,11.9,81.0,0.0,,86.0,6.8,,1018.4,,1.0,Meteostat,Cao Bang
2025-03-23 01:00:00,17.5,11.7,69.0,0.0,,84.0,6.8,,1019.0,,1.0,Meteostat,Cao Bang
2025-03-23 02:00:00,20.3,12.5,61.0,0.0,,140.0,7.9,,1019.6,,1.0,Meteostat,Cao Bang
2025-03-23 03:00:00,22.6,12.5,53.0,0.0,,175.0,9.7,,1018.9,,1.0,Meteostat,Cao Bang
2025-03-23 04:00:00,24.7,13.0,48.0,0.0,,173.0,10.1,,1018.0,,1.0,Meteostat,Cao Bang
2025-03-23 05:00:00,26.3,12.7,43.0,0.0,,163.0,9.7,,1016.5,,1.0,Meteostat,Cao Bang
2025-03-23 06:00:00,27.3,12.9,41.0,0.0,,156.0,10.1,,1015.0,,1.0,Meteostat,Cao Bang
2025-03-23 07:00:00,27.7,13.3,41.0,0.0,,150.0,9.7,,1013.6,,1.0,Meteostat,Cao Bang
2025-03-23 08:00:00,28.0,13.9,42.0,0.0,,151.0,10.1,,1012.7,,1.0,Meteostat,Cao Bang
2025-03-23 09:00:00,27.4,14.1,44.0,0.0,,138.0,11.5,,1012.5,,2.0,Meteostat,Cao Bang
2025-03-23 10:00:00,26.1,14.6,49.0,0.0,,137.0,11.5,,1012.6,,1.0,Meteostat,Cao Bang
2025-03-23 11:00:00,23.1,14.7,59.0,0.0,,172.0,11.2,,1013.2,,1.0,Meteostat,Cao Bang
2025-03-23 12:00:00,20.7,14.6,68.0,0.0,,115.0,8.6,,1014.2,,1.0,Meteostat,Cao Bang
2025-03-23 13:00:00,19.9,14.5,71.0,0.0,,97.0,7.6,,1015.6,,1.0,Meteostat,Cao Bang
2025-03-23 14:00:00,19.2,14.9,76.0,0.0,,111.0,5.8,,1016.9,,1.0,Meteostat,Cao Bang
2025-03-23 15:00:00,18.6,14.9,79.0,0.0,,90.0,4.0,,1017.3,,1.0,Meteostat,Cao Bang
2025-03-23 16:00:00,17.9,15.0,83.0,0.0,,111.0,3.6,,1017.1,,1.0,Meteostat,Cao Bang
2025-03-23 17:00:00,17.1,14.7,86.0,0.0,,129.0,4.3,,1016.8,,1.0,Meteostat,Cao Bang
2025-03-23 18:00:00,16.7,14.7,88.0,0.0,,89.0,3.2,,1016.6,,1.0,Meteostat,Cao Bang
2025-03-23 19:00:00,16.5,14.5,88.0,0.0,,66.0,2.2,,1016.0,,2.0,Meteostat,Cao Bang
2025-03-23 20:00:00,16.4,14.4,88.0,0.0,,108.0,1.1,,1015.6,,2.0,Meteostat,Cao Bang
2025-03-23 21:00:00,15.9,14.4,91.0,0.0,,158.0,1.8,,1015.5,,1.0,Meteostat,Cao Bang
2025-03-23 22:00:00,16.7,14.9,89.0,0.0,,121.0,2.9,,1014.9,,1.0,Meteostat,Cao Bang
2025-03-23 23:00:00,15.7,14.4,92.0,0.0,,46.0,3.2,,1015.0,,1.0,Meteostat,Cao Bang
2025-03-24 00:00:00,17.2,15.0,87.0,0.0,,13.0,3.2,,1015.6,,2.0,Meteostat,Cao Bang
2025-03-24 01:00:00,19.5,15.4,77.0,0.0,,256.0,3.6,,1016.0,,1.0,Meteostat,Cao Bang
2025-03-24 02:00:00,22.4,15.0,63.0,0.0,,260.0,4.3,,1015.6,,1.0,Meteostat,Cao Bang
2025-03-24 03:00:00,25.2,14.9,53.0,0.0,,244.0,5.4,,1015.2,,1.0,Meteostat,Cao Bang
2025-03-24 04:00:00,27.3,14.0,44.0,0.0,,215.0,8.3,,1014.3,,1.0,Meteostat,Cao Bang
2025-03-24 05:00:00,28.9,14.3,41.0,0.0,,210.0,11.2,,1012.6,,1.0,Meteostat,Cao Bang
2025-03-24 06:00:00,30.0,15.3,41.0,0.0,,178.0,11.9,,1010.9,,1.0,Meteostat,Cao Bang
2025-03-24 07:00:00,30.8,15.6,40.0,0.0,,165.0,11.5,,1009.3,,1.0,Meteostat,Cao Bang
2025-03-24 08:00:00,31.2,16.0,40.0,0.0,,183.0,12.6,,1007.6,,1.0,Meteostat,Cao Bang
2025-03-24 09:00:00,30.7,15.9,41.0,0.0,,187.0,13.0,,1007.2,,1.0,Meteostat,Cao Bang
2025-03-24 10:00:00,29.4,16.2,45.0,0.0,,179.0,11.2,,1007.2,,1.0,Meteostat,Cao Bang
2025-03-24 11:00:00,26.7,16.0,52.0,0.0,,164.0,12.6,,1007.9,,1.0,Meteostat,Cao Bang
2025-03-24 12:00:00,24.4,16.6,62.0,0.0,,149.0,13.7,,1009.1,,1.0,Meteostat,Cao Bang
2025-03-24 13:00:00,22.8,16.6,68.0,0.0,,140.0,13.7,,1010.0,,1.0,Meteostat,Cao Bang
2025-03-24 14:00:00,21.7,16.6,73.0,0.0,,129.0,11.5,,1011.0,,1.0,Meteostat,Cao Bang
2025-03-24 15:00:00,20.6,16.8,79.0,0.0,,121.0,10.1,,1011.3,,1.0,Meteostat,Cao Bang
2025-03-24 16:00:00,19.7,16.9,84.0,0.0,,116.0,9.0,,1011.3,,1.0,Meteostat,Cao Bang
2025-03-24 17:00:00,19.0,17.0,88.0,0.0,,114.0,8.6,,1010.9,,1.0,Meteostat,Cao Bang
2025-03-24 18:00:00,18.5,16.8,90.0,0.0,,115.0,7.6,,1010.3,,1.0,Meteostat,Cao Bang
2025-03-24 19:00:00,18.0,16.7,92.0,0.0,,127.0,6.8,,1009.8,,1.0,Meteostat,Cao Bang
2025-03-24 20:00:00,17.5,16.5,94.0,0.0,,118.0,5.8,,1009.3,,1.0,Meteostat,Cao Bang
2025-03-24 21:00:00,17.1,16.5,96.0,0.0,,115.0,5.8,,1009.3,,1.0,Meteostat,Cao Bang
2025-03-24 22:00:00,16.8,16.3,97.0,0.0,,101.0,5.0,,1009.6,,1.0,Meteostat,Cao Bang
2025-03-24 23:00:00,17.1,16.5,96.0,0.0,,53.0,4.0,,1009.2,,1.0,Meteostat,Cao Bang
2025-03-25 00:00:00,18.3,17.3,94.0,0.0,,37.0,6.5,,1009.7,,1.0,Meteostat,Cao Bang
2025-03-25 01:00:00,20.6,17.4,82.0,0.0,,43.0,6.1,,1009.8,,2.0,Meteostat,Cao Bang
2025-03-25 02:00:00,23.1,17.3,70.0,0.0,,42.0,7.9,,1009.4,,1.0,Meteostat,Cao Bang
2025-03-25 03:00:00,25.9,17.8,61.0,0.0,,161.0,9.4,,1008.7,,1.0,Meteostat,Cao Bang
2025-03-25 04:00:00,28.9,18.4,53.0,0.0,,192.0,11.5,,1007.8,,1.0,Meteostat,Cao Bang
2025-03-25 05:00:00,31.1,18.5,47.0,0.0,,205.0,12.6,,1006.1,,1.0,Meteostat,Cao Bang
2025-03-25 06:00:00,32.4,17.8,42.0,0.0,,207.0,14.8,,1004.5,,2.0,Meteostat,Cao Bang
2025-03-25 07:00:00,32.6,18.0,42.0,0.0,,213.0,17.6,,1003.6,,1.0,Meteostat,Cao Bang
2025-03-25 08:00:00,32.6,18.0,42.0,0.0,,214.0,16.2,,1002.7,,2.0,Meteostat,Cao Bang
2025-03-25 09:00:00,32.3,18.1,43.0,0.0,,208.0,15.8,,1001.8,,2.0,Meteostat,Cao Bang
2025-03-25 10:00:00,30.8,18.5,48.0,0.0,,196.0,14.4,,1002.1,,1.0,Meteostat,Cao Bang
2025-03-25 11:00:00,28.0,18.4,56.0,0.0,,178.0,12.2,,1002.9,,1.0,Meteostat,Cao Bang
2025-03-25 12:00:00,25.7,18.6,65.0,0.0,,161.0,11.9,,1004.1,,1.0,Meteostat,Cao Bang
2025-03-25 13:00:00,24.2,18.8,72.0,0.0,,146.0,12.6,,1005.3,,1.0,Meteostat,Cao Bang
2025-03-25 14:00:00,22.7,18.7,78.0,0.0,,132.0,12.6,,1006.6,,1.0,Meteostat,Cao Bang
2025-03-25 15:00:00,22.8,18.6,77.0,0.0,,134.0,11.9,,1006.9,,3.0,Meteostat,Cao Bang
2025-03-25 16:00:00,21.7,18.7,83.0,0.0,,137.0,10.8,,1007.0,,3.0,Meteostat,Cao Bang
2025-03-25 17:00:00,20.9,18.8,88.0,0.0,,134.0,10.1,,1006.9,,1.0,Meteostat,Cao Bang
2025-03-25 18:00:00,20.3,19.0,92.0,0.0,,128.0,9.0,,1006.5,,2.0,Meteostat,Cao Bang
2025-03-25 19:00:00,19.8,17.6,87.0,0.0,,116.0,9.4,,1005.6,,1.0,Meteostat,Cao Bang
2025-03-25 20:00:00,19.2,16.6,85.0,0.0,,119.0,6.8,,1005.1,,1.0,Meteostat,Cao Bang
2025-03-25 21:00:00,18.7,15.8,83.0,0.0,,127.0,6.1,,1005.2,,1.0,Meteostat,Cao Bang
2025-03-25 22:00:00,18.3,15.4,83.0,0.0,,116.0,5.4,,1005.5,,1.0,Meteostat,Cao Bang
2025-03-25 23:00:00,17.8,14.9,83.0,0.0,,112.0,5.0,,1005.8,,1.0,Meteostat,Cao Bang
2025-03-26 00:00:00,19.3,15.0,76.0,0.0,,104.0,6.8,,1006.3,,1.0,Meteostat,Cao Bang
2025-03-26 01:00:00,21.6,15.0,66.0,0.0,,112.0,7.6,,1006.8,,1.0,Meteostat,Cao Bang
2025-03-26 02:00:00,24.5,16.0,59.0,0.0,,140.0,9.4,,1006.5,,1.0,Meteostat,Cao Bang
2025-03-26 03:00:00,27.4,16.7,52.0,0.0,,177.0,13.0,,1005.6,,1.0,Meteostat,Cao Bang
2025-03-26 04:00:00,30.3,17.4,46.0,0.0,,188.0,15.5,,1004.4,,1.0,Meteostat,Cao Bang
2025-03-26 05:00:00,31.6,17.9,44.0,0.0,,203.0,20.2,,1003.1,,1.0,Meteostat,Cao Bang
2025-03-26 06:00:00,32.3,18.1,43.0,0.0,,206.0,21.2,,1001.6,,1.0,Meteostat,Cao Bang
2025-03-26 07:00:00,32.8,17.8,41.0,0.0,,204.0,20.9,,1000.4,,1.0,Meteostat,Cao Bang
2025-03-26 08:00:00,32.4,17.5,41.0,0.0,,202.0,20.9,,999.7,,1.0,Meteostat,Cao Bang
2025-03-26 09:00:00,31.4,17.7,44.0,0.0,,199.0,20.9,,999.5,,1.0,Meteostat,Cao Bang
2025-03-26 10:00:00,29.7,18.8,52.0,0.0,,198.0,17.6,,999.8,,1.0,Meteostat,Cao Bang
2025-03-26 11:00:00,27.5,19.0,60.0,0.0,,191.0,14.0,,1000.5,,1.0,Meteostat,Cao Bang
2025-03-26 12:00:00,25.5,19.2,68.0,0.0,,167.0,12.6,,1001.5,,1.0,Meteostat,Cao Bang
2025-03-26 13:00:00,24.5,19.3,73.0,0.0,,147.0,13.0,,1002.3,,1.0,Meteostat,Cao Bang
2025-03-26 14:00:00,23.6,19.5,78.0,0.0,,128.0,13.0,,1003.1,,1.0,Meteostat,Cao Bang
2025-03-26 15:00:00,22.2,19.0,82.0,0.0,,107.0,12.2,,1003.7,,1.0,Meteostat,Cao Bang
2025-03-26 16:00:00,21.5,19.2,87.0,0.0,,110.0,12.2,,1003.7,,1.0,Meteostat,Cao Bang
2025-03-26 17:00:00,20.6,19.3,92.0,0.0,,119.0,12.2,,1003.4,,1.0,Meteostat,Cao Bang
2025-03-26 18:00:00,20.0,19.3,96.0,0.0,,113.0,11.2,,1002.9,,1.0,Meteostat,Cao Bang
2025-03-26 19:00:00,19.5,19.2,98.0,0.0,,106.0,10.1,,1002.7,,1.0,Meteostat,Cao Bang
2025-03-26 20:00:00,19.4,19.1,98.0,0.0,,108.0,9.4,,1002.5,,2.0,Meteostat,Cao Bang
2025-03-26 21:00:00,19.4,18.9,97.0,0.0,,112.0,10.4,,1002.4,,2.0,Meteostat,Cao Bang
2025-03-26 22:00:00,19.5,19.0,97.0,0.0,,113.0,9.4,,1002.7,,3.0,Meteostat,Cao Bang
2025-03-26 23:00:00,19.7,19.0,96.0,0.0,,112.0,9.7,,1003.3,,3.0,Meteostat,Cao Bang
2025-03-27 00:00:00,21.0,19.1,89.0,0.0,,143.0,13.3,,1003.9,,3.0,Meteostat,Cao Bang
2025-03-27 01:00:00,22.2,19.2,83.0,0.0,,172.0,14.4,,1004.6,,3.0,Meteostat,Cao Bang
2025-03-27 02:00:00,24.0,20.5,81.0,0.0,,189.0,14.8,,1004.7,,3.0,Meteostat,Cao Bang
2025-03-27 03:00:00,26.1,20.2,70.0,0.0,,195.0,17.3,,1004.4,,3.0,Meteostat,Cao Bang
2025-03-27 04:00:00,28.6,19.5,58.0,0.0,,188.0,18.4,,1003.5,,3.0,Meteostat,Cao Bang
2025-03-27 05:00:00,30.5,19.2,51.0,0.0,,188.0,18.4,,1002.2,,2.0,Meteostat,Cao Bang
2025-03-27 06:00:00,31.8,18.8,46.0,0.0,,187.0,18.7,,1000.7,,2.0,Meteostat,Cao Bang
2025-03-27 07:00:00,32.5,18.7,44.0,0.0,,188.0,19.8,,999.4,,1.0,Meteostat,Cao Bang
2025-03-27 08:00:00,33.1,17.3,39.0,0.0,,197.0,20.2,,998.4,,1.0,Meteostat,Cao Bang
2025-03-27 09:00:00,32.9,17.1,39.0,0.0,,203.0,19.4,,998.3,,1.0,Meteostat,Cao Bang
2025-03-27 10:00:00,32.0,17.1,41.0,0.0,,209.0,15.8,,998.4,,1.0,Meteostat,Cao Bang
2025-03-27 11:00:00,28.7,17.6,51.0,0.0,,194.0,11.9,,999.0,,1.0,Meteostat,Cao Bang
2025-03-27 12:00:00,26.9,20.0,66.0,0.0,,155.0,14.4,,1000.5,,1.0,Meteostat,Cao Bang
2025-03-27 13:00:00,25.6,21.3,77.0,0.0,,143.0,13.0,,1001.8,,1.0,Meteostat,Cao Bang
2025-03-27 14:00:00,24.4,21.7,85.0,0.0,,126.0,9.7,,1002.8,,1.0,Meteostat,Cao Bang
2025-03-27 15:00:00,23.6,21.7,89.0,0.0,,121.0,10.4,,1003.2,,1.0,Meteostat,Cao Bang
2025-03-27 16:00:00,22.7,21.3,92.0,0.0,,115.0,11.9,,1003.3,,1.0,Meteostat,Cao Bang
2025-03-27 17:00:00,21.5,20.3,93.0,0.0,,106.0,10.1,,1004.1,,1.0,Meteostat,Cao Bang
2025-03-27 18:00:00,20.8,20.0,95.0,0.0,,106.0,9.0,,1004.0,,1.0,Meteostat,Cao Bang
2025-03-27 19:00:00,20.4,19.7,96.0,0.0,,93.0,8.6,,1003.9,,2.0,Meteostat,Cao Bang
2025-03-27 20:00:00,20.0,19.5,97.0,0.0,,88.0,9.0,,1004.3,,3.0,Meteostat,Cao Bang
2025-03-27 21:00:00,20.0,19.7,98.0,0.0,,93.0,8.6,,1005.2,,3.0,Meteostat,Cao Bang
2025-03-27 22:00:00,20.3,20.1,99.0,0.0,,114.0,8.3,,1006.2,,3.0,Meteostat,Cao Bang
2025-03-27 23:00:00,20.8,20.5,98.0,0.0,,140.0,7.2,,1007.1,,5.0,Meteostat,Cao Bang
2025-03-28 00:00:00,21.6,20.8,95.0,0.0,,158.0,7.9,,1008.1,,5.0,Meteostat,Cao Bang
2025-03-28 01:00:00,22.9,20.8,88.0,0.0,,152.0,7.2,,1009.3,,3.0,Meteostat,Cao Bang
2025-03-28 02:00:00,24.1,21.2,84.0,0.1,,1.0,7.2,,1010.3,,7.0,Meteostat,Cao Bang
2025-03-28 03:00:00,26.5,22.1,77.0,0.0,,264.0,6.8,,1009.9,,3.0,Meteostat,Cao Bang
2025-03-28 04:00:00,27.5,21.3,69.0,0.0,,286.0,9.0,,1009.6,,3.0,Meteostat,Cao Bang
2025-03-28 05:00:00,29.4,21.1,61.0,0.0,,268.0,7.2,,1008.4,,3.0,Meteostat,Cao Bang
2025-03-28 06:00:00,31.1,20.1,52.0,0.0,,121.0,10.1,,1007.1,,3.0,Meteostat,Cao Bang
2025-03-28 07:00:00,30.4,19.7,53.0,0.2,,90.0,25.6,,1006.3,,17.0,Meteostat,Cao Bang
2025-03-28 08:00:00,30.5,19.8,53.0,0.4,,86.0,23.4,,1005.0,,8.0,Meteostat,Cao Bang
2025-03-28 09:00:00,22.3,16.3,69.0,0.3,,52.0,20.9,,1007.1,,17.0,Meteostat,Cao Bang
2025-03-28 10:00:00,22.6,15.4,64.0,0.0,,50.0,20.5,,1008.2,,3.0,Meteostat,Cao Bang
2025-03-28 11:00:00,22.1,14.5,62.0,0.0,,68.0,19.4,,1009.2,,3.0,Meteostat,Cao Bang
2025-03-28 12:00:00,21.3,12.2,56.0,0.0,,60.0,18.7,,1010.8,,3.0,Meteostat,Cao Bang
2025-03-28 13:00:00,21.0,11.9,56.0,0.0,,58.0,20.2,,1011.8,,3.0,Meteostat,Cao Bang
2025-03-28 14:00:00,20.3,9.8,51.0,0.0,,45.0,18.7,,1013.9,,3.0,Meteostat,Cao Bang
2025-03-28 15:00:00,19.1,9.3,53.0,0.0,,46.0,19.8,,1015.0,,3.0,Meteostat,Cao Bang
2025-03-28 16:00:00,18.2,9.0,55.0,0.0,,40.0,19.8,,1015.6,,3.0,Meteostat,Cao Bang
2025-03-28 17:00:00,17.1,9.3,60.0,0.0,,43.0,21.6,,1015.7,,3.0,Meteostat,Cao Bang
2025-03-28 18:00:00,16.2,9.1,63.0,0.0,,37.0,20.9,,1015.8,,3.0,Meteostat,Cao Bang
2025-03-28 19:00:00,15.5,9.6,68.0,0.1,,14.0,23.0,,1015.8,,7.0,Meteostat,Cao Bang
2025-03-28 20:00:00,14.0,11.3,84.0,1.8,,359.0,23.8,,1016.1,,9.0,Meteostat,Cao Bang
2025-03-28 21:00:00,13.1,12.2,94.0,4.2,,279.0,19.8,,1016.7,,9.0,Meteostat,Cao Bang
2025-03-28 22:00:00,12.6,11.8,95.0,4.0,,1.0,20.9,,1017.7,,9.0,Meteostat,Cao Bang
2025-03-28 23:00:00,12.6,11.8,95.0,0.6,,29.0,19.8,,1017.9,,8.0,Meteostat,Cao Bang
2025-03-29 00:00:00,12.6,10.5,87.0,1.3,,350.0,17.6,,1019.0,,9.0,Meteostat,Cao Bang
2025-03-29 01:00:00,12.8,11.9,94.0,1.6,,40.0,16.6,,1020.2,,9.0,Meteostat,Cao Bang
2025-03-29 02:00:00,13.2,11.9,92.0,0.2,,340.0,16.9,,1020.9,,7.0,Meteostat,Cao Bang
2025-03-29 03:00:00,14.1,11.4,84.0,0.2,,343.0,14.4,,1020.9,,7.0,Meteostat,Cao Bang
2025-03-29 04:00:00,17.1,7.2,52.0,0.1,,24.0,17.3,,1020.4,,7.0,Meteostat,Cao Bang
2025-03-29 05:00:00,18.4,7.2,48.0,0.0,,22.0,16.6,,1019.3,,3.0,Meteostat,Cao Bang
2025-03-29 06:00:00,18.5,6.7,46.0,0.0,,39.0,15.5,,1018.2,,3.0,Meteostat,Cao Bang
2025-03-29 07:00:00,18.4,6.6,46.0,0.0,,54.0,14.4,,1016.9,,3.0,Meteostat,Cao Bang
2025-03-29 08:00:00,18.3,6.5,46.0,0.0,,77.0,13.3,,1015.9,,3.0,Meteostat,Cao Bang
2025-03-29 09:00:00,17.5,6.4,48.0,0.0,,95.0,15.1,,1015.4,,3.0,Meteostat,Cao Bang
2025-03-29 10:00:00,16.5,6.6,52.0,0.0,,90.0,14.0,,1016.2,,3.0,Meteostat,Cao Bang
2025-03-29 11:00:00,15.7,6.7,55.0,0.0,,88.0,13.7,,1017.3,,3.0,Meteostat,Cao Bang
2025-03-29 12:00:00,15.4,6.7,56.0,0.0,,84.0,13.7,,1018.2,,3.0,Meteostat,Cao Bang
2025-03-29 13:00:00,15.2,6.7,57.0,0.0,,87.0,11.9,,1019.3,,3.0,Meteostat,Cao Bang
2025-03-29 14:00:00,14.1,8.3,68.0,0.0,,118.0,13.3,,1021.2,,3.0,Meteostat,Cao Bang
2025-03-29 15:00:00,13.5,8.8,73.0,0.2,,110.0,13.3,,1022.3,,7.0,Meteostat,Cao Bang
2025-03-29 16:00:00,12.8,8.5,75.0,0.2,,100.0,12.2,,1022.8,,7.0,Meteostat,Cao Bang
2025-03-29 17:00:00,12.4,8.7,78.0,0.2,,106.0,11.5,,1022.9,,7.0,Meteostat,Cao Bang
2025-03-29 18:00:00,12.1,9.1,82.0,0.2,,114.0,11.9,,1022.6,,7.0,Meteostat,Cao Bang
2025-03-29 19:00:00,11.5,8.4,81.0,0.2,,75.0,15.1,,1022.4,,7.0,Meteostat,Cao Bang
2025-03-29 20:00:00,11.2,8.6,84.0,0.2,,58.0,15.1,,1022.0,,7.0,Meteostat,Cao Bang
2025-03-29 21:00:00,11.1,9.0,87.0,0.2,,95.0,13.7,,1022.1,,7.0,Meteostat,Cao Bang
2025-03-29 22:00:00,10.8,9.6,92.0,0.5,,109.0,12.2,,1022.5,,8.0,Meteostat,Cao Bang
2025-03-29 23:00:00,10.6,9.4,92.0,0.4,,210.0,11.9,,1023.2,,8.0,Meteostat,Cao Bang
2025-03-30 00:00:00,10.8,9.7,93.0,0.2,,211.0,11.9,,1023.8,,7.0,Meteostat,Cao Bang
2025-03-30 01:00:00,11.0,9.3,89.0,0.0,,222.0,11.9,,1024.8,,3.0,Meteostat,Cao Bang
2025-03-30 02:00:00,12.2,8.5,78.0,0.0,,328.0,13.7,,1025.5,,3.0,Meteostat,Cao Bang
2025-03-30 03:00:00,13.3,6.6,64.0,0.0,,17.0,14.4,,1025.2,,3.0,Meteostat,Cao Bang
2025-03-30 04:00:00,15.1,4.7,50.0,0.0,,33.0,15.1,,1024.3,,3.0,Meteostat,Cao Bang
2025-03-30 05:00:00,16.4,3.4,42.0,0.0,,45.0,15.8,,1023.0,,3.0,Meteostat,Cao Bang
2025-03-30 06:00:00,17.3,3.9,41.0,0.0,,63.0,15.5,,1021.4,,3.0,Meteostat,Cao Bang
2025-03-30 07:00:00,18.2,4.4,40.0,0.0,,74.0,13.7,,1019.9,,3.0,Meteostat,Cao Bang
2025-03-30 08:00:00,18.8,4.9,40.0,0.0,,91.0,11.9,,1018.6,,3.0,Meteostat,Cao Bang
2025-03-30 09:00:00,18.4,4.9,41.0,0.0,,110.0,11.5,,1017.8,,3.0,Meteostat,Cao Bang
2025-03-30 10:00:00,17.5,4.8,43.0,0.0,,127.0,11.9,,1017.3,,3.0,Meteostat,Cao Bang
2025-03-30 11:00:00,15.8,4.5,47.0,0.0,,146.0,10.1,,1017.6,,3.0,Meteostat,Cao Bang
2025-03-30 12:00:00,14.8,4.5,50.0,0.0,,142.0,10.4,,1018.8,,3.0,Meteostat,Cao Bang
2025-03-30 13:00:00,14.3,4.6,52.0,0.0,,138.0,8.3,,1019.9,,3.0,Meteostat,Cao Bang
2025-03-30 14:00:00,14.1,5.2,55.0,0.0,,151.0,6.1,,1020.8,,3.0,Meteostat,Cao Bang
2025-03-30 15:00:00,13.2,5.4,59.0,0.0,,143.0,6.5,,1022.1,,3.0,Meteostat,Cao Bang
2025-03-30 16:00:00,13.2,6.1,62.0,0.0,,117.0,6.1,,1022.5,,3.0,Meteostat,Cao Bang
2025-03-30 17:00:00,13.1,6.0,62.0,0.0,,100.0,6.8,,1022.4,,3.0,Meteostat,Cao Bang
2025-03-30 18:00:00,13.0,5.9,62.0,0.0,,129.0,9.0,,1022.1,,3.0,Meteostat,Cao Bang
2025-03-30 19:00:00,12.9,5.3,60.0,0.0,,82.0,11.2,,1021.4,,3.0,Meteostat,Cao Bang
2025-03-30 20:00:00,11.6,2.6,54.0,0.0,,40.0,14.0,,1022.0,,3.0,Meteostat,Cao Bang
2025-03-30 21:00:00,11.5,2.8,55.0,0.0,,43.0,12.2,,1021.6,,3.0,Meteostat,Cao Bang
2025-03-30 22:00:00,11.5,3.0,56.0,0.0,,59.0,11.5,,1021.9,,3.0,Meteostat,Cao Bang
2025-03-30 23:00:00,11.7,3.0,55.0,0.0,,273.0,11.5,,1022.4,,3.0,Meteostat,Cao Bang
2025-03-31 00:00:00,12.0,3.0,54.0,0.0,,327.0,11.2,,1022.7,,3.0,Meteostat,Cao Bang
2025-03-31 01:00:00,12.8,3.5,53.0,0.0,,336.0,10.8,,1023.7,,3.0,Meteostat,Cao Bang
2025-03-31 02:00:00,13.9,3.6,50.0,0.0,,341.0,11.9,,1023.6,,3.0,Meteostat,Cao Bang
2025-03-31 03:00:00,15.2,4.3,48.0,0.0,,337.0,11.2,,1022.9,,3.0,Meteostat,Cao Bang
2025-03-31 04:00:00,17.4,4.7,43.0,0.0,,344.0,9.7,,1021.3,,3.0,Meteostat,Cao Bang
2025-03-31 05:00:00,19.1,5.5,41.0,0.0,,192.0,7.6,,1019.8,,3.0,Meteostat,Cao Bang
2025-03-31 06:00:00,20.2,6.2,40.0,0.0,,191.0,6.1,,1018.2,,3.0,Meteostat,Cao Bang
2025-03-31 07:00:00,21.2,6.7,39.0,0.0,,191.0,8.3,,1016.9,,2.0,Meteostat,Cao Bang
2025-03-31 08:00:00,21.5,7.0,39.0,0.0,,186.0,9.7,,1015.6,,2.0,Meteostat,Cao Bang
2025-03-31 09:00:00,21.1,6.6,39.0,0.0,,172.0,11.2,,1014.9,,2.0,Meteostat,Cao Bang
2025-03-31 10:00:00,19.7,6.4,42.0,0.0,,169.0,12.2,,1015.2,,2.0,Meteostat,Cao Bang
2025-03-31 11:00:00,17.6,6.8,49.0,0.0,,134.0,9.4,,1016.1,,2.0,Meteostat,Cao Bang
2025-03-31 12:00:00,16.1,6.8,54.0,0.0,,131.0,9.4,,1017.1,,2.0,Meteostat,Cao Bang
2025-03-31 13:00:00,14.2,7.3,63.0,0.0,,122.0,6.8,,1018.3,,2.0,Meteostat,Cao Bang
2025-03-31 14:00:00,13.6,7.4,66.0,0.0,,110.0,6.5,,1019.6,,2.0,Meteostat,Cao Bang
2025-03-31 15:00:00,13.1,7.5,69.0,0.0,,90.0,5.4,,1020.5,,3.0,Meteostat,Cao Bang
2025-03-31 16:00:00,13.6,7.6,67.0,0.0,,164.0,6.8,,1021.7,,3.0,Meteostat,Cao Bang
2025-03-31 17:00:00,13.0,7.4,69.0,0.0,,127.0,5.8,,1021.8,,3.0,Meteostat,Cao Bang
2025-03-31 18:00:00,13.0,7.4,69.0,0.0,,105.0,7.6,,1021.6,,3.0,Meteostat,Cao Bang
2025-03-31 19:00:00,13.5,8.6,72.0,0.0,,72.0,10.1,,1021.2,,3.0,Meteostat,Cao Bang
2025-03-31 20:00:00,13.6,8.2,70.0,0.0,,2.0,11.9,,1020.9,,3.0,Meteostat,Cao Bang
2025-03-31 21:00:00,13.1,8.2,72.0,0.0,,229.0,8.6,,1020.5,,3.0,Meteostat,Cao Bang
2025-03-31 22:00:00,13.2,8.5,73.0,0.0,,220.0,9.7,,1020.6,,3.0,Meteostat,Cao Bang
2025-03-31 23:00:00,13.2,8.1,71.0,0.0,,209.0,9.7,,1020.8,,3.0,Meteostat,Cao Bang
2025-04-01 00:00:00,13.9,7.9,67.0,0.0,,212.0,10.1,,1021.2,,3.0,Meteostat,Cao Bang
2025-04-01 01:00:00,15.4,7.9,61.0,0.0,,217.0,13.3,,1021.6,,3.0,Meteostat,Cao Bang
2025-04-01 02:00:00,17.8,6.3,47.0,0.0,,318.0,11.9,,1021.7,,3.0,Meteostat,Cao Bang
2025-04-01 03:00:00,19.5,5.9,41.0,0.0,,309.0,10.8,,1021.4,,3.0,Meteostat,Cao Bang
2025-04-01 04:00:00,21.1,5.8,37.0,0.0,,246.0,9.4,,1020.3,,3.0,Meteostat,Cao Bang
2025-04-01 05:00:00,22.3,6.5,36.0,0.0,,220.0,6.5,,1019.0,,2.0,Meteostat,Cao Bang
2025-04-01 06:00:00,23.2,6.9,35.0,0.0,,216.0,7.6,,1017.4,,2.0,Meteostat,Cao Bang
2025-04-01 07:00:00,23.6,7.7,36.0,0.0,,217.0,13.3,,1015.3,,3.0,Meteostat,Cao Bang
2025-04-01 08:00:00,23.4,7.9,37.0,0.0,,204.0,14.8,,1014.3,,1.0,Meteostat,Cao Bang
2025-04-01 09:00:00,24.0,8.0,36.0,0.0,,198.0,9.4,,1013.8,,2.0,Meteostat,Cao Bang
2025-04-01 10:00:00,23.0,10.1,44.0,0.0,,195.0,9.0,,1013.8,,1.0,Meteostat,Cao Bang
2025-04-01 11:00:00,19.7,9.3,51.0,0.0,,131.0,7.6,,1014.2,,1.0,Meteostat,Cao Bang
2025-04-01 12:00:00,17.6,7.9,53.0,0.0,,106.0,11.5,,1014.9,,1.0,Meteostat,Cao Bang
2025-04-01 13:00:00,16.3,7.8,57.0,0.0,,103.0,9.4,,1016.2,,1.0,Meteostat,Cao Bang
2025-04-01 14:00:00,15.4,8.2,62.0,0.0,,82.0,7.9,,1017.7,,1.0,Meteostat,Cao Bang
2025-04-01 15:00:00,14.5,8.0,65.0,0.0,,69.0,8.6,,1018.7,,1.0,Meteostat,Cao Bang
2025-04-01 16:00:00,13.8,7.8,67.0,0.0,,71.0,6.5,,1019.4,,1.0,Meteostat,Cao Bang
2025-04-01 17:00:00,13.1,8.0,71.0,0.0,,58.0,5.8,,1020.1,,1.0,Meteostat,Cao Bang
2025-04-01 18:00:00,12.7,7.4,70.0,0.0,,51.0,4.7,,1020.0,,3.0,Meteostat,Cao Bang
2025-04-01 19:00:00,12.5,7.0,69.0,0.0,,37.0,3.2,,1019.6,,3.0,Meteostat,Cao Bang
2025-04-01 20:00:00,12.4,6.7,68.0,0.0,,31.0,2.9,,1019.7,,3.0,Meteostat,Cao Bang
2025-04-01 21:00:00,12.2,6.0,66.0,0.0,,54.0,2.9,,1019.7,,3.0,Meteostat,Cao Bang
2025-04-01 22:00:00,12.5,6.1,65.0,0.0,,64.0,3.2,,1020.2,,3.0,Meteostat,Cao Bang
2025-04-01 23:00:00,12.3,7.4,72.0,0.0,,75.0,3.6,,1020.4,,3.0,Meteostat,Cao Bang
2025-04-02 00:00:00,14.4,8.3,67.0,0.0,,139.0,5.8,,1021.2,,3.0,Meteostat,Cao Bang
2025-04-02 01:00:00,16.9,8.1,56.0,0.0,,231.0,5.4,,1021.8,,3.0,Meteostat,Cao Bang
2025-04-02 02:00:00,19.0,8.3,50.0,0.0,,237.0,6.1,,1021.7,,3.0,Meteostat,Cao Bang
2025-04-02 03:00:00,21.3,7.5,41.0,0.0,,229.0,7.6,,1021.4,,3.0,Meteostat,Cao Bang
2025-04-02 04:00:00,23.1,6.4,34.0,0.0,,214.0,7.9,,1020.7,,3.0,Meteostat,Cao Bang
2025-04-02 05:00:00,24.3,6.1,31.0,0.0,,222.0,7.2,,1019.6,,3.0,Meteostat,Cao Bang
2025-04-02 06:00:00,25.0,6.7,31.0,0.0,,223.0,6.8,,1018.4,,3.0,Meteostat,Cao Bang
2025-04-02 07:00:00,25.3,7.0,31.0,0.0,,220.0,8.3,,1016.8,,3.0,Meteostat,Cao Bang
2025-04-02 08:00:00,25.2,7.3,32.0,0.0,,216.0,9.4,,1015.8,,3.0,Meteostat,Cao Bang
2025-04-02 09:00:00,25.0,7.6,33.0,0.0,,214.0,10.1,,1014.4,,3.0,Meteostat,Cao Bang
2025-04-02 10:00:00,24.0,9.6,40.0,0.0,,178.0,7.9,,1014.5,,1.0,Meteostat,Cao Bang
2025-04-02 11:00:00,20.7,8.7,46.0,0.0,,164.0,7.9,,1014.8,,1.0,Meteostat,Cao Bang
2025-04-02 12:00:00,18.5,8.5,52.0,0.0,,130.0,6.8,,1015.5,,1.0,Meteostat,Cao Bang
2025-04-02 13:00:00,17.2,8.6,57.0,0.0,,82.0,8.3,,1016.4,,1.0,Meteostat,Cao Bang
2025-04-02 14:00:00,16.4,8.4,59.0,0.0,,72.0,8.3,,1018.1,,1.0,Meteostat,Cao Bang
2025-04-02 15:00:00,15.7,8.4,62.0,0.0,,77.0,9.7,,1018.8,,1.0,Meteostat,Cao Bang
2025-04-02 16:00:00,15.0,8.2,64.0,0.0,,69.0,7.2,,1019.1,,1.0,Meteostat,Cao Bang
2025-04-02 17:00:00,14.7,8.2,65.0,0.0,,67.0,6.5,,1019.4,,1.0,Meteostat,Cao Bang
2025-04-02 18:00:00,14.4,8.3,67.0,0.0,,71.0,6.1,,1019.2,,1.0,Meteostat,Cao Bang
2025-04-02 19:00:00,14.3,8.3,67.0,0.0,,73.0,5.8,,1019.1,,1.0,Meteostat,Cao Bang
2025-04-02 20:00:00,14.2,8.2,67.0,0.0,,85.0,3.2,,1019.1,,1.0,Meteostat,Cao Bang
2025-04-02 21:00:00,14.2,8.2,67.0,0.0,,87.0,2.5,,1019.0,,1.0,Meteostat,Cao Bang
2025-04-02 22:00:00,14.2,8.2,67.0,0.0,,87.0,1.8,,1019.3,,1.0,Meteostat,Cao Bang
2025-04-02 23:00:00,14.1,8.1,67.0,0.0,,73.0,1.8,,1019.6,,1.0,Meteostat,Cao Bang
2025-04-03 00:00:00,15.9,8.6,62.0,0.0,,213.0,3.2,,1020.0,,1.0,Meteostat,Cao Bang
2025-04-03 01:00:00,18.3,9.4,56.0,0.0,,221.0,2.9,,1020.5,,1.0,Meteostat,Cao Bang
2025-04-03 02:00:00,20.9,9.8,49.0,0.0,,238.0,5.8,,1020.4,,1.0,Meteostat,Cao Bang
2025-04-03 03:00:00,23.2,9.2,41.0,0.0,,201.0,7.9,,1019.9,,1.0,Meteostat,Cao Bang
2025-04-03 04:00:00,25.0,9.3,37.0,0.0,,180.0,8.6,,1018.7,,2.0,Meteostat,Cao Bang
2025-04-03 05:00:00,26.7,9.5,34.0,0.0,,181.0,10.1,,1017.6,,1.0,Meteostat,Cao Bang
2025-04-03 06:00:00,27.8,10.1,33.0,0.0,,168.0,11.9,,1015.9,,1.0,Meteostat,Cao Bang
2025-04-03 07:00:00,29.1,11.2,33.0,0.0,,150.0,11.9,,1013.7,,2.0,Meteostat,Cao Bang
2025-04-03 08:00:00,29.1,12.1,35.0,0.0,,203.0,14.8,,1012.4,,3.0,Meteostat,Cao Bang
2025-04-03 09:00:00,27.8,12.2,38.0,0.0,,215.0,16.9,,1011.7,,3.0,Meteostat,Cao Bang
2025-04-03 10:00:00,25.9,12.4,43.0,0.0,,198.0,16.6,,1011.3,,2.0,Meteostat,Cao Bang
2025-04-03 11:00:00,23.6,12.3,49.0,0.0,,175.0,14.0,,1011.8,,1.0,Meteostat,Cao Bang
2025-04-03 12:00:00,21.0,12.7,59.0,0.0,,168.0,10.4,,1012.5,,1.0,Meteostat,Cao Bang
2025-04-03 13:00:00,19.5,13.2,67.0,0.0,,138.0,12.2,,1013.6,,1.0,Meteostat,Cao Bang
2025-04-03 14:00:00,19.1,13.5,70.0,0.0,,143.0,13.3,,1015.0,,2.0,Meteostat,Cao Bang
2025-04-03 15:00:00,18.5,13.1,71.0,0.0,,149.0,13.7,,1015.8,,2.0,Meteostat,Cao Bang
2025-04-03 16:00:00,17.7,12.6,72.0,0.0,,147.0,11.9,,1015.8,,3.0,Meteostat,Cao Bang
2025-04-03 17:00:00,16.7,11.6,72.0,0.0,,130.0,10.4,,1015.8,,3.0,Meteostat,Cao Bang
2025-04-03 18:00:00,16.2,10.7,70.0,0.0,,120.0,10.1,,1015.3,,3.0,Meteostat,Cao Bang
2025-04-03 19:00:00,15.6,9.9,69.0,0.0,,114.0,9.7,,1014.7,,3.0,Meteostat,Cao Bang
2025-04-03 20:00:00,15.5,9.4,67.0,0.0,,125.0,11.9,,1013.5,,3.0,Meteostat,Cao Bang
2025-04-03 21:00:00,15.2,9.1,67.0,0.0,,122.0,12.6,,1013.1,,3.0,Meteostat,Cao Bang
2025-04-03 22:00:00,15.0,8.9,67.0,0.0,,120.0,13.3,,1013.5,,2.0,Meteostat,Cao Bang
2025-04-03 23:00:00,14.9,9.0,68.0,0.0,,120.0,13.3,,1014.1,,2.0,Meteostat,Cao Bang
2025-04-04 00:00:00,16.7,9.6,63.0,0.0,,121.0,13.0,,1014.5,,2.0,Meteostat,Cao Bang
2025-04-04 01:00:00,19.8,9.7,52.0,0.0,,160.0,17.3,,1015.2,,2.0,Meteostat,Cao Bang
2025-04-04 02:00:00,21.9,10.7,49.0,0.0,,175.0,18.0,,1014.9,,1.0,Meteostat,Cao Bang
2025-04-04 03:00:00,23.9,11.9,47.0,0.0,,177.0,18.4,,1014.2,,1.0,Meteostat,Cao Bang
2025-04-04 04:00:00,25.5,13.0,46.0,0.0,,180.0,20.5,,1013.1,,1.0,Meteostat,Cao Bang
2025-04-04 05:00:00,27.9,13.8,42.0,0.0,,206.0,18.7,,1011.7,,1.0,Meteostat,Cao Bang
2025-04-04 06:00:00,28.8,14.6,42.0,0.0,,182.0,19.1,,1009.9,,1.0,Meteostat,Cao Bang
2025-04-04 07:00:00,30.1,15.4,41.0,0.0,,196.0,20.2,,1008.3,,2.0,Meteostat,Cao Bang
2025-04-04 08:00:00,28.9,15.8,45.0,0.0,,199.0,24.1,,1007.9,,3.0,Meteostat,Cao Bang
2025-04-04 09:00:00,28.0,16.0,48.0,0.0,,191.0,22.3,,1007.4,,3.0,Meteostat,Cao Bang
2025-04-04 10:00:00,27.3,16.0,50.0,0.0,,186.0,18.4,,1007.4,,2.0,Meteostat,Cao Bang
2025-04-04 11:00:00,23.4,16.4,65.0,0.0,,155.0,18.4,,1008.6,,3.0,Meteostat,Cao Bang
2025-04-04 12:00:00,21.8,16.7,73.0,0.0,,153.0,14.4,,1009.9,,2.0,Meteostat,Cao Bang
2025-04-04 13:00:00,20.9,17.1,79.0,0.0,,157.0,11.5,,1011.3,,1.0,Meteostat,Cao Bang
2025-04-04 14:00:00,20.6,17.4,82.0,0.0,,151.0,10.4,,1012.4,,3.0,Meteostat,Cao Bang
2025-04-04 15:00:00,20.6,17.8,84.0,0.0,,144.0,10.4,,1013.0,,3.0,Meteostat,Cao Bang
2025-04-04 16:00:00,20.6,17.6,83.0,0.0,,137.0,9.0,,1014.2,,3.0,Meteostat,Cao Bang
2025-04-04 17:00:00,20.4,17.6,84.0,0.0,,142.0,8.6,,1014.2,,3.0,Meteostat,Cao Bang
2025-04-04 18:00:00,20.2,17.8,86.0,0.2,,150.0,7.6,,1014.2,,7.0,Meteostat,Cao Bang
2025-04-04 19:00:00,19.9,17.9,88.0,0.2,,151.0,6.8,,1014.1,,7.0,Meteostat,Cao Bang
2025-04-04 20:00:00,19.4,18.2,93.0,0.2,,138.0,6.8,,1013.7,,7.0,Meteostat,Cao Bang
2025-04-04 21:00:00,19.4,18.1,92.0,0.1,,110.0,5.8,,1013.6,,7.0,Meteostat,Cao Bang
2025-04-04 22:00:00,19.5,18.3,93.0,0.0,,132.0,5.0,,1013.9,,3.0,Meteostat,Cao Bang
2025-04-04 23:00:00,19.5,18.3,93.0,0.0,,204.0,2.2,,1014.6,,3.0,Meteostat,Cao Bang
2025-04-05 00:00:00,19.5,18.7,95.0,0.1,,209.0,2.2,,1015.2,,7.0,Meteostat,Cao Bang
2025-04-05 01:00:00,19.3,18.8,97.0,0.0,,193.0,4.0,,1016.0,,3.0,Meteostat,Cao Bang
2025-04-05 02:00:00,20.3,19.3,94.0,0.0,,212.0,7.2,,1017.2,,3.0,Meteostat,Cao Bang
2025-04-05 03:00:00,20.7,19.2,91.0,0.3,,204.0,7.6,,1016.9,,8.0,Meteostat,Cao Bang
2025-04-05 04:00:00,20.8,19.1,90.0,0.3,,216.0,6.5,,1016.5,,8.0,Meteostat,Cao Bang
2025-04-05 05:00:00,22.0,18.4,80.0,0.2,,219.0,6.1,,1015.8,,7.0,Meteostat,Cao Bang
2025-04-05 06:00:00,22.2,18.0,77.0,0.2,,192.0,6.8,,1014.6,,7.0,Meteostat,Cao Bang
2025-04-05 07:00:00,21.2,19.3,89.0,0.0,,203.0,7.9,,1013.3,,3.0,Meteostat,Cao Bang
2025-04-05 08:00:00,21.2,18.9,87.0,0.4,,164.0,8.6,,1012.3,,8.0,Meteostat,Cao Bang
2025-04-05 09:00:00,21.0,18.4,85.0,0.3,,144.0,7.6,,1011.9,,8.0,Meteostat,Cao Bang
2025-04-05 10:00:00,21.1,18.7,86.0,0.0,,252.0,5.4,,1011.9,,3.0,Meteostat,Cao Bang
2025-04-05 11:00:00,20.6,18.9,90.0,0.0,,292.0,6.5,,1012.4,,3.0,Meteostat,Cao Bang
2025-04-05 12:00:00,20.2,19.0,93.0,0.0,,316.0,6.8,,1013.5,,3.0,Meteostat,Cao Bang
2025-04-05 13:00:00,19.9,19.1,95.0,0.1,,329.0,5.4,,1014.5,,7.0,Meteostat,Cao Bang
2025-04-05 14:00:00,19.8,19.0,95.0,0.0,,351.0,6.1,,1015.1,,3.0,Meteostat,Cao Bang
2025-04-05 15:00:00,19.5,18.8,96.0,0.7,,340.0,5.4,,1015.5,,8.0,Meteostat,Cao Bang
2025-04-05 16:00:00,19.2,18.5,96.0,0.0,,287.0,5.0,,1015.4,,3.0,Meteostat,Cao Bang
2025-04-05 17:00:00,19.1,17.9,93.0,0.3,,312.0,4.0,,1015.8,,8.0,Meteostat,Cao Bang
2025-04-05 18:00:00,19.0,17.8,93.0,0.3,,360.0,3.2,,1015.0,,8.0,Meteostat,Cao Bang
2025-04-05 19:00:00,18.8,17.6,93.0,0.4,,268.0,3.6,,1014.7,,8.0,Meteostat,Cao Bang
2025-04-05 20:00:00,18.8,17.8,94.0,0.1,,97.0,2.9,,1014.4,,7.0,Meteostat,Cao Bang
2025-04-05 21:00:00,18.6,17.6,94.0,0.0,,119.0,3.2,,1014.4,,3.0,Meteostat,Cao Bang
2025-04-05 22:00:00,18.4,17.6,95.0,0.4,,105.0,2.9,,1014.3,,8.0,Meteostat,Cao Bang
2025-04-05 23:00:00,18.4,17.4,94.0,1.0,,77.0,2.5,,1014.9,,9.0,Meteostat,Cao Bang
2025-04-06 00:00:00,18.5,18.0,97.0,0.5,,128.0,5.0,,1015.7,,8.0,Meteostat,Cao Bang
2025-04-06 01:00:00,18.8,18.3,97.0,0.3,,102.0,5.0,,1016.8,,8.0,Meteostat,Cao Bang
2025-04-06 02:00:00,19.6,18.8,95.0,0.0,,120.0,9.0,,1017.4,,3.0,Meteostat,Cao Bang
2025-04-06 03:00:00,20.1,18.0,88.0,0.0,,142.0,9.4,,1017.6,,3.0,Meteostat,Cao Bang
2025-04-06 04:00:00,21.2,17.0,77.0,0.0,,142.0,7.9,,1017.2,,3.0,Meteostat,Cao Bang
2025-04-06 05:00:00,21.8,16.5,72.0,0.0,,160.0,8.3,,1016.2,,3.0,Meteostat,Cao Bang
2025-04-06 06:00:00,22.7,16.3,67.0,0.0,,159.0,8.6,,1014.9,,3.0,Meteostat,Cao Bang
2025-04-06 07:00:00,23.3,16.4,65.0,0.0,,165.0,7.6,,1014.0,,3.0,Meteostat,Cao Bang
2025-04-06 08:00:00,23.4,16.2,64.0,0.0,,164.0,8.6,,1012.4,,3.0,Meteostat,Cao Bang
2025-04-06 09:00:00,23.7,16.2,63.0,0.0,,164.0,7.9,,1011.7,,3.0,Meteostat,Cao Bang
2025-04-06 10:00:00,23.1,16.9,68.0,0.0,,156.0,7.2,,1011.8,,3.0,Meteostat,Cao Bang
2025-04-06 11:00:00,22.5,17.0,71.0,0.0,,175.0,5.4,,1012.8,,3.0,Meteostat,Cao Bang
2025-04-06 12:00:00,22.1,17.2,74.0,0.0,,165.0,5.0,,1013.8,,3.0,Meteostat,Cao Bang
2025-04-06 13:00:00,20.8,16.0,74.0,0.0,,131.0,6.8,,1015.5,,3.0,Meteostat,Cao Bang
2025-04-06 14:00:00,20.1,16.7,81.0,0.1,,137.0,7.9,,1016.6,,7.0,Meteostat,Cao Bang
2025-04-06 15:00:00,19.7,17.1,85.0,0.0,,142.0,6.5,,1016.9,,3.0,Meteostat,Cao Bang
2025-04-06 16:00:00,19.6,17.2,86.0,0.1,,158.0,5.4,,1016.9,,7.0,Meteostat,Cao Bang
2025-04-06 17:00:00,19.4,17.5,89.0,0.1,,159.0,5.0,,1016.5,,7.0,Meteostat,Cao Bang
2025-04-06 18:00:00,19.2,17.9,92.0,0.1,,218.0,4.0,,1016.1,,7.0,Meteostat,Cao Bang
2025-04-06 19:00:00,19.0,17.8,93.0,0.2,,251.0,4.3,,1015.6,,7.0,Meteostat,Cao Bang
2025-04-06 20:00:00,19.0,18.2,95.0,0.4,,268.0,4.0,,1015.5,,8.0,Meteostat,Cao Bang
2025-04-06 21:00:00,19.0,18.0,94.0,0.3,,224.0,5.0,,1015.7,,8.0,Meteostat,Cao Bang
2025-04-06 22:00:00,18.9,18.1,95.0,0.0,,207.0,5.8,,1016.3,,3.0,Meteostat,Cao Bang
2025-04-06 23:00:00,18.6,17.8,95.0,0.0,,128.0,5.8,,1016.2,,3.0,Meteostat,Cao Bang
2025-04-07 00:00:00,18.7,18.0,96.0,0.1,,126.0,5.8,,1017.1,,7.0,Meteostat,Cao Bang
2025-04-07 01:00:00,19.1,18.3,95.0,0.0,,117.0,7.2,,1017.9,,3.0,Meteostat,Cao Bang
2025-04-07 02:00:00,19.3,18.6,96.0,0.0,,115.0,7.6,,1018.4,,3.0,Meteostat,Cao Bang
2025-04-07 03:00:00,20.1,18.6,91.0,0.0,,137.0,7.6,,1018.3,,3.0,Meteostat,Cao Bang
2025-04-07 04:00:00,20.7,18.5,87.0,0.0,,181.0,9.0,,1017.8,,3.0,Meteostat,Cao Bang
2025-04-07 05:00:00,21.8,18.2,80.0,0.0,,178.0,8.3,,1016.9,,3.0,Meteostat,Cao Bang
2025-04-07 06:00:00,22.5,18.1,76.0,0.0,,184.0,7.6,,1015.8,,3.0,Meteostat,Cao Bang
2025-04-07 07:00:00,23.0,17.9,73.0,0.0,,171.0,8.3,,1014.4,,3.0,Meteostat,Cao Bang
2025-04-07 08:00:00,23.1,17.8,72.0,0.0,,163.0,9.4,,1013.5,,3.0,Meteostat,Cao Bang
2025-04-07 09:00:00,24.0,17.7,68.0,0.0,,192.0,9.0,,1012.4,,3.0,Meteostat,Cao Bang
2025-04-07 10:00:00,23.6,18.7,74.0,0.0,,247.0,6.8,,1012.8,,3.0,Meteostat,Cao Bang
2025-04-07 11:00:00,22.6,19.0,80.0,0.0,,270.0,4.7,,1013.8,,3.0,Meteostat,Cao Bang
2025-04-07 12:00:00,22.1,18.9,82.0,0.0,,110.0,4.3,,1014.9,,3.0,Meteostat,Cao Bang
2025-04-07 13:00:00,21.8,18.8,83.0,0.0,,133.0,7.2,,1015.6,,3.0,Meteostat,Cao Bang
2025-04-07 14:00:00,20.5,17.9,85.0,0.0,,138.0,7.9,,1016.4,,3.0,Meteostat,Cao Bang
2025-04-07 15:00:00,19.8,17.9,89.0,0.0,,141.0,8.6,,1016.6,,3.0,Meteostat,Cao Bang
2025-04-07 16:00:00,19.2,17.9,92.0,0.0,,125.0,7.9,,1016.2,,3.0,Meteostat,Cao Bang
2025-04-07 17:00:00,19.0,17.8,93.0,0.0,,111.0,6.5,,1016.2,,3.0,Meteostat,Cao Bang
2025-04-07 18:00:00,19.3,18.1,93.0,0.0,,102.0,7.2,,1016.0,,3.0,Meteostat,Cao Bang
2025-04-07 19:00:00,19.3,18.6,96.0,0.0,,121.0,8.6,,1014.5,,3.0,Meteostat,Cao Bang
2025-04-07 20:00:00,19.5,18.7,95.0,0.0,,127.0,9.4,,1014.0,,3.0,Meteostat,Cao Bang
2025-04-07 21:00:00,19.5,18.8,96.0,0.0,,133.0,10.1,,1014.1,,3.0,Meteostat,Cao Bang
2025-04-07 22:00:00,19.6,18.8,95.0,0.0,,125.0,9.0,,1014.9,,3.0,Meteostat,Cao Bang
2025-04-07 23:00:00,19.8,19.0,95.0,0.0,,131.0,7.9,,1015.6,,3.0,Meteostat,Cao Bang
2025-04-08 00:00:00,20.5,19.0,91.0,0.0,,141.0,10.1,,1016.3,,3.0,Meteostat,Cao Bang
2025-04-08 01:00:00,21.4,19.0,86.0,0.0,,147.0,10.4,,1016.8,,3.0,Meteostat,Cao Bang
2025-04-08 02:00:00,22.6,18.8,79.0,0.0,,176.0,11.5,,1016.9,,3.0,Meteostat,Cao Bang
2025-04-08 03:00:00,24.1,19.2,74.0,0.1,,190.0,13.0,,1016.4,,7.0,Meteostat,Cao Bang
2025-04-08 04:00:00,25.0,19.1,70.0,0.0,,176.0,13.3,,1015.6,,3.0,Meteostat,Cao Bang
2025-04-08 05:00:00,26.3,18.9,64.0,0.0,,168.0,13.0,,1014.5,,3.0,Meteostat,Cao Bang
2025-04-08 06:00:00,26.6,19.2,64.0,0.0,,165.0,14.4,,1013.4,,3.0,Meteostat,Cao Bang
2025-04-08 07:00:00,27.2,19.3,62.0,0.0,,161.0,12.6,,1012.3,,3.0,Meteostat,Cao Bang
2025-04-08 08:00:00,28.1,18.8,57.0,0.0,,163.0,11.2,,1011.3,,3.0,Meteostat,Cao Bang
2025-04-08 09:00:00,27.5,18.8,59.0,0.0,,169.0,11.5,,1010.6,,3.0,Meteostat,Cao Bang
2025-04-08 10:00:00,27.2,18.8,60.0,0.0,,177.0,11.2,,1010.7,,3.0,Meteostat,Cao Bang
2025-04-08 11:00:00,24.6,18.8,70.0,0.0,,154.0,8.3,,1011.2,,3.0,Meteostat,Cao Bang
2025-04-08 12:00:00,23.1,18.8,77.0,0.0,,145.0,9.4,,1012.3,,2.0,Meteostat,Cao Bang
2025-04-08 13:00:00,22.1,19.1,83.0,0.0,,132.0,7.6,,1013.2,,2.0,Meteostat,Cao Bang
2025-04-08 14:00:00,21.7,19.3,86.0,0.0,,128.0,7.6,,1014.3,,3.0,Meteostat,Cao Bang
2025-04-08 15:00:00,21.0,19.6,92.0,0.0,,128.0,9.4,,1014.6,,3.0,Meteostat,Cao Bang
2025-04-08 16:00:00,21.1,19.7,92.0,0.0,,130.0,11.5,,1014.9,,3.0,Meteostat,Cao Bang
2025-04-08 17:00:00,21.0,20.0,94.0,0.0,,139.0,13.3,,1014.6,,3.0,Meteostat,Cao Bang
2025-04-08 18:00:00,21.0,20.0,94.0,0.0,,139.0,11.2,,1013.8,,3.0,Meteostat,Cao Bang
2025-04-08 19:00:00,21.0,20.0,94.0,0.0,,142.0,10.1,,1013.0,,3.0,Meteostat,Cao Bang
2025-04-08 20:00:00,21.1,20.1,94.0,0.0,,144.0,9.0,,1012.4,,3.0,Meteostat,Cao Bang
2025-04-08 21:00:00,21.1,20.4,96.0,0.0,,144.0,11.2,,1011.4,,3.0,Meteostat,Cao Bang
2025-04-08 22:00:00,20.9,20.2,96.0,0.0,,134.0,9.7,,1011.8,,3.0,Meteostat,Cao Bang
2025-04-08 23:00:00,21.0,20.2,95.0,0.0,,140.0,11.9,,1012.3,,3.0,Meteostat,Cao Bang
2025-04-09 00:00:00,21.5,20.1,92.0,0.0,,144.0,11.5,,1012.5,,3.0,Meteostat,Cao Bang
2025-04-09 01:00:00,22.4,19.8,85.0,0.0,,165.0,13.7,,1012.9,,3.0,Meteostat,Cao Bang
2025-04-09 02:00:00,24.0,19.5,76.0,0.0,,187.0,14.4,,1013.2,,3.0,Meteostat,Cao Bang
2025-04-09 03:00:00,24.5,19.8,75.0,0.0,,179.0,13.0,,1012.8,,3.0,Meteostat,Cao Bang
2025-04-09 04:00:00,25.6,20.0,71.0,0.0,,182.0,14.4,,1011.8,,3.0,Meteostat,Cao Bang
2025-04-09 05:00:00,25.8,19.9,70.0,0.0,,177.0,14.0,,1010.7,,3.0,Meteostat,Cao Bang
2025-04-09 06:00:00,27.0,19.9,65.0,0.0,,175.0,15.1,,1009.2,,3.0,Meteostat,Cao Bang
2025-04-09 07:00:00,27.5,20.1,64.0,0.0,,181.0,14.4,,1007.6,,3.0,Meteostat,Cao Bang
2025-04-09 08:00:00,27.0,19.9,65.0,0.0,,177.0,15.5,,1006.6,,3.0,Meteostat,Cao Bang
2025-04-09 09:00:00,26.6,20.2,68.0,0.0,,166.0,15.5,,1005.9,,3.0,Meteostat,Cao Bang
2025-04-09 10:00:00,26.3,20.4,70.0,0.0,,160.0,14.8,,1005.6,,3.0,Meteostat,Cao Bang
2025-04-09 11:00:00,25.4,20.6,75.0,0.0,,155.0,14.8,,1005.9,,3.0,Meteostat,Cao Bang
2025-04-09 12:00:00,24.4,20.1,77.0,0.0,,149.0,13.7,,1006.9,,3.0,Meteostat,Cao Bang
2025-04-09 13:00:00,23.6,20.3,82.0,0.0,,147.0,11.9,,1008.0,,3.0,Meteostat,Cao Bang
2025-04-09 14:00:00,23.1,20.6,86.0,0.0,,139.0,11.5,,1009.2,,3.0,Meteostat,Cao Bang
2025-04-09 15:00:00,23.0,20.9,88.0,0.0,,153.0,11.2,,1009.7,,3.0,Meteostat,Cao Bang
2025-04-09 16:00:00,22.9,21.0,89.0,0.0,,165.0,11.9,,1009.6,,3.0,Meteostat,Cao Bang
2025-04-09 17:00:00,21.6,20.4,93.0,0.0,,153.0,11.9,,1009.8,,3.0,Meteostat,Cao Bang
2025-04-09 18:00:00,21.6,20.4,93.0,0.0,,140.0,10.1,,1009.5,,3.0,Meteostat,Cao Bang
2025-04-09 19:00:00,21.3,20.3,94.0,0.0,,139.0,9.4,,1009.0,,3.0,Meteostat,Cao Bang
2025-04-09 20:00:00,21.1,20.1,94.0,0.0,,140.0,8.3,,1008.3,,3.0,Meteostat,Cao Bang
2025-04-09 21:00:00,20.9,19.9,94.0,0.0,,135.0,7.9,,1008.1,,3.0,Meteostat,Cao Bang
2025-04-09 22:00:00,21.5,20.5,94.0,0.0,,138.0,6.5,,1007.6,,3.0,Meteostat,Cao Bang
2025-04-09 23:00:00,21.5,20.7,95.0,0.0,,143.0,6.8,,1007.9,,3.0,Meteostat,Cao Bang
2025-04-10 00:00:00,22.1,20.6,91.0,0.0,,155.0,7.9,,1008.5,,3.0,Meteostat,Cao Bang
2025-04-10 01:00:00,23.0,20.7,87.0,0.0,,166.0,10.1,,1009.1,,3.0,Meteostat,Cao Bang
2025-04-10 02:00:00,24.3,20.8,81.0,0.0,,160.0,9.4,,1009.1,,3.0,Meteostat,Cao Bang
2025-04-10 03:00:00,27.3,20.4,66.0,0.1,,272.0,8.3,,1008.7,,7.0,Meteostat,Cao Bang
2025-04-10 04:00:00,28.9,20.1,59.0,0.0,,287.0,8.6,,1007.6,,3.0,Meteostat,Cao Bang
2025-04-10 05:00:00,30.4,19.7,53.0,0.0,,160.0,9.0,,1006.1,,3.0,Meteostat,Cao Bang
2025-04-10 06:00:00,31.8,19.1,47.0,0.0,,183.0,9.7,,1004.6,,2.0,Meteostat,Cao Bang
2025-04-10 07:00:00,32.4,18.6,44.0,0.0,,197.0,12.2,,1003.3,,2.0,Meteostat,Cao Bang
2025-04-10 08:00:00,32.1,18.0,43.0,0.0,,201.0,12.6,,1002.1,,2.0,Meteostat,Cao Bang
2025-04-10 09:00:00,31.1,18.1,46.0,0.0,,202.0,13.0,,1001.7,,3.0,Meteostat,Cao Bang
2025-04-10 10:00:00,29.8,18.9,52.0,0.0,,191.0,14.8,,1001.6,,3.0,Meteostat,Cao Bang
2025-04-10 11:00:00,27.5,19.0,60.0,0.0,,165.0,13.0,,1002.4,,3.0,Meteostat,Cao Bang
2025-04-10 12:00:00,25.6,19.7,70.0,0.0,,154.0,13.7,,1003.8,,2.0,Meteostat,Cao Bang
2025-04-10 13:00:00,24.1,19.6,76.0,0.0,,156.0,12.6,,1005.9,,1.0,Meteostat,Cao Bang
2025-04-10 14:00:00,23.2,20.2,83.0,0.0,,152.0,11.9,,1007.2,,1.0,Meteostat,Cao Bang
2025-04-10 15:00:00,22.9,20.4,86.0,0.0,,150.0,11.9,,1007.9,,2.0,Meteostat,Cao Bang
2025-04-10 16:00:00,22.7,20.4,87.0,0.0,,148.0,11.9,,1007.7,,3.0,Meteostat,Cao Bang
2025-04-10 17:00:00,22.6,20.3,87.0,0.0,,141.0,9.0,,1007.0,,2.0,Meteostat,Cao Bang
2025-04-10 18:00:00,22.2,20.3,89.0,0.0,,130.0,8.6,,1006.3,,3.0,Meteostat,Cao Bang
2025-04-10 19:00:00,21.8,20.4,92.0,0.0,,127.0,8.6,,1005.7,,3.0,Meteostat,Cao Bang
2025-04-10 20:00:00,21.4,20.4,94.0,0.0,,129.0,7.9,,1005.0,,3.0,Meteostat,Cao Bang
2025-04-10 21:00:00,21.1,20.4,96.0,0.0,,133.0,7.9,,1004.7,,3.0,Meteostat,Cao Bang
2025-04-10 22:00:00,21.0,20.5,97.0,0.0,,128.0,7.9,,1005.0,,3.0,Meteostat,Cao Bang
2025-04-10 23:00:00,21.0,20.0,94.0,0.0,,111.0,7.6,,1005.2,,3.0,Meteostat,Cao Bang
2025-04-11 00:00:00,22.3,20.2,88.0,0.0,,144.0,11.9,,1005.7,,3.0,Meteostat,Cao Bang
2025-04-11 01:00:00,23.9,20.0,79.0,0.0,,163.0,13.0,,1006.3,,3.0,Meteostat,Cao Bang
2025-04-11 02:00:00,26.4,19.8,67.0,0.0,,176.0,15.1,,1006.0,,3.0,Meteostat,Cao Bang
2025-04-11 03:00:00,28.5,19.7,59.0,0.0,,174.0,15.5,,1005.3,,3.0,Meteostat,Cao Bang
2025-04-11 04:00:00,30.7,19.7,52.0,0.0,,198.0,17.6,,1004.7,,2.0,Meteostat,Cao Bang
2025-04-11 05:00:00,32.2,19.1,46.0,0.0,,200.0,20.2,,1003.5,,2.0,Meteostat,Cao Bang
2025-04-11 06:00:00,32.9,19.4,45.0,0.0,,190.0,20.5,,1001.9,,2.0,Meteostat,Cao Bang
2025-04-11 07:00:00,33.0,19.5,45.0,0.0,,190.0,21.2,,1000.8,,2.0,Meteostat,Cao Bang
2025-04-11 08:00:00,32.8,19.7,46.0,0.0,,191.0,20.9,,1000.1,,2.0,Meteostat,Cao Bang
2025-04-11 09:00:00,31.7,19.7,49.0,0.0,,187.0,21.2,,999.5,,3.0,Meteostat,Cao Bang
2025-04-11 10:00:00,30.5,20.4,55.0,0.0,,184.0,19.1,,1000.0,,3.0,Meteostat,Cao Bang
2025-04-11 11:00:00,28.6,20.3,61.0,0.0,,163.0,18.4,,1000.7,,2.0,Meteostat,Cao Bang
2025-04-11 12:00:00,26.9,20.5,68.0,0.0,,146.0,18.7,,1001.5,,2.0,Meteostat,Cao Bang
2025-04-11 13:00:00,26.0,21.0,74.0,0.0,,143.0,19.1,,1002.5,,1.0,Meteostat,Cao Bang
2025-04-11 14:00:00,24.4,20.7,80.0,0.0,,133.0,17.3,,1004.7,,1.0,Meteostat,Cao Bang
2025-04-11 15:00:00,23.9,21.0,84.0,0.0,,134.0,13.7,,1004.7,,3.0,Meteostat,Cao Bang
2025-04-11 16:00:00,23.3,21.4,89.0,0.0,,139.0,12.2,,1004.7,,3.0,Meteostat,Cao Bang
2025-04-11 17:00:00,22.9,21.7,93.0,0.0,,137.0,12.2,,1004.4,,3.0,Meteostat,Cao Bang
2025-04-11 18:00:00,22.6,21.9,96.0,0.0,,127.0,11.9,,1004.3,,3.0,Meteostat,Cao Bang
2025-04-11 19:00:00,23.2,22.0,93.0,0.0,,128.0,13.3,,1003.4,,3.0,Meteostat,Cao Bang
2025-04-11 20:00:00,23.4,22.0,92.0,0.0,,134.0,11.9,,1003.8,,3.0,Meteostat,Cao Bang
2025-04-11 21:00:00,22.9,21.9,94.0,0.0,,137.0,6.8,,1004.2,,3.0,Meteostat,Cao Bang
2025-04-11 22:00:00,22.7,21.7,94.0,0.0,,90.0,3.6,,1005.1,,3.0,Meteostat,Cao Bang
2025-04-11 23:00:00,22.4,21.7,96.0,0.0,,314.0,4.3,,1006.1,,3.0,Meteostat,Cao Bang
2025-04-12 00:00:00,23.7,22.0,90.0,0.0,,328.0,6.1,,1007.5,,3.0,Meteostat,Cao Bang
2025-04-12 01:00:00,25.9,22.0,79.0,0.0,,314.0,10.1,,1008.9,,3.0,Meteostat,Cao Bang
2025-04-12 02:00:00,28.5,20.8,63.0,0.0,,318.0,22.3,,1009.8,,3.0,Meteostat,Cao Bang
2025-04-12 03:00:00,29.8,16.6,45.0,0.0,,350.0,25.6,,1010.3,,3.0,Meteostat,Cao Bang
2025-04-12 04:00:00,30.1,14.2,38.0,0.0,,354.0,27.7,,1010.6,,3.0,Meteostat,Cao Bang
2025-04-12 05:00:00,30.0,14.5,39.0,0.0,,356.0,30.2,,1010.2,,3.0,Meteostat,Cao Bang
2025-04-12 06:00:00,29.3,13.1,37.0,0.0,,1.0,33.1,,1010.8,,3.0,Meteostat,Cao Bang
2025-04-12 07:00:00,27.4,12.2,39.0,0.0,,17.0,34.6,,1010.8,,3.0,Meteostat,Cao Bang
2025-04-12 08:00:00,27.1,11.6,38.0,0.0,,13.0,32.8,,1011.3,,3.0,Meteostat,Cao Bang
2025-04-12 09:00:00,26.7,10.4,36.0,0.0,,22.0,29.5,,1011.5,,3.0,Meteostat,Cao Bang
2025-04-12 10:00:00,25.0,8.5,35.0,0.0,,31.0,30.2,,1012.4,,3.0,Meteostat,Cao Bang
2025-04-12 11:00:00,23.6,7.2,35.0,0.0,,30.0,26.3,,1013.8,,3.0,Meteostat,Cao Bang
2025-04-12 12:00:00,22.5,7.9,39.0,0.0,,14.0,23.0,,1016.1,,3.0,Meteostat,Cao Bang
2025-04-12 13:00:00,21.9,9.4,45.0,0.0,,2.0,21.2,,1017.6,,3.0,Meteostat,Cao Bang
2025-04-12 14:00:00,21.3,9.2,46.0,0.0,,351.0,20.2,,1018.8,,3.0,Meteostat,Cao Bang
2025-04-12 15:00:00,20.2,7.9,45.0,0.0,,344.0,20.5,,1020.2,,3.0,Meteostat,Cao Bang
2025-04-12 16:00:00,19.6,8.0,47.0,0.0,,338.0,18.0,,1020.4,,3.0,Meteostat,Cao Bang
2025-04-12 17:00:00,19.2,8.2,49.0,0.0,,323.0,17.6,,1019.7,,3.0,Meteostat,Cao Bang
2025-04-12 18:00:00,18.4,8.6,53.0,0.0,,325.0,16.6,,1019.5,,3.0,Meteostat,Cao Bang
2025-04-12 19:00:00,18.4,7.8,50.0,0.0,,317.0,17.3,,1019.1,,3.0,Meteostat,Cao Bang
2025-04-12 20:00:00,18.3,10.1,59.0,0.0,,295.0,13.7,,1017.8,,3.0,Meteostat,Cao Bang
2025-04-12 21:00:00,18.5,9.6,56.0,0.0,,290.0,14.0,,1018.0,,3.0,Meteostat,Cao Bang
2025-04-12 22:00:00,18.3,8.6,53.0,0.0,,282.0,12.2,,1018.5,,3.0,Meteostat,Cao Bang
2025-04-12 23:00:00,18.2,7.9,51.0,0.0,,287.0,10.8,,1019.0,,3.0,Meteostat,Cao Bang
2025-04-13 00:00:00,18.3,7.1,48.0,0.0,,297.0,13.0,,1020.3,,3.0,Meteostat,Cao Bang
2025-04-13 01:00:00,18.2,9.8,58.0,0.0,,271.0,12.6,,1020.8,,3.0,Meteostat,Cao Bang
2025-04-13 02:00:00,19.3,9.2,52.0,0.0,,304.0,12.2,,1020.9,,3.0,Meteostat,Cao Bang
2025-04-13 03:00:00,21.6,8.1,42.0,0.0,,357.0,11.9,,1020.4,,3.0,Meteostat,Cao Bang
2025-04-13 04:00:00,20.6,10.7,53.0,0.7,,21.0,12.2,,1019.9,,17.0,Meteostat,Cao Bang
2025-04-13 05:00:00,21.8,8.7,43.0,0.0,,53.0,11.2,,1018.7,,3.0,Meteostat,Cao Bang
2025-04-13 06:00:00,24.0,8.0,36.0,0.0,,75.0,7.9,,1017.3,,3.0,Meteostat,Cao Bang
2025-04-13 07:00:00,24.4,7.9,35.0,0.0,,172.0,5.8,,1015.8,,3.0,Meteostat,Cao Bang
2025-04-13 08:00:00,25.1,8.1,34.0,0.0,,194.0,6.1,,1014.4,,3.0,Meteostat,Cao Bang
2025-04-13 09:00:00,23.7,8.1,37.0,0.0,,194.0,7.6,,1013.6,,3.0,Meteostat,Cao Bang
2025-04-13 10:00:00,22.5,9.6,44.0,0.0,,172.0,9.0,,1013.3,,3.0,Meteostat,Cao Bang
2025-04-13 11:00:00,22.4,11.5,50.0,0.0,,194.0,7.9,,1013.2,,3.0,Meteostat,Cao Bang
2025-04-13 12:00:00,20.4,9.6,50.0,0.0,,118.0,7.9,,1013.9,,2.0,Meteostat,Cao Bang
2025-04-13 13:00:00,19.5,9.1,51.0,0.0,,97.0,6.8,,1015.2,,3.0,Meteostat,Cao Bang
2025-04-13 14:00:00,19.0,8.9,52.0,0.0,,79.0,7.9,,1016.3,,3.0,Meteostat,Cao Bang
2025-04-13 15:00:00,18.3,8.6,53.0,0.0,,80.0,6.5,,1017.0,,3.0,Meteostat,Cao Bang
2025-04-13 16:00:00,17.9,8.2,53.0,0.0,,75.0,4.7,,1017.2,,3.0,Meteostat,Cao Bang
2025-04-13 17:00:00,17.9,8.5,54.0,0.0,,53.0,2.9,,1016.6,,3.0,Meteostat,Cao Bang
2025-04-13 18:00:00,17.7,8.8,56.0,0.0,,85.0,2.9,,1016.2,,3.0,Meteostat,Cao Bang
2025-04-13 19:00:00,17.3,7.9,54.0,0.0,,69.0,2.9,,1015.6,,3.0,Meteostat,Cao Bang
2025-04-13 20:00:00,17.2,7.3,52.0,0.0,,56.0,2.9,,1015.3,,3.0,Meteostat,Cao Bang
2025-04-13 21:00:00,17.8,8.4,54.0,0.0,,21.0,2.5,,1014.2,,3.0,Meteostat,Cao Bang
2025-04-13 22:00:00,17.1,8.3,56.0,0.0,,260.0,3.6,,1014.5,,3.0,Meteostat,Cao Bang
2025-04-13 23:00:00,17.3,9.9,62.0,0.0,,350.0,3.6,,1015.1,,3.0,Meteostat,Cao Bang
2025-04-14 00:00:00,18.4,9.2,55.0,0.0,,306.0,3.2,,1016.1,,3.0,Meteostat,Cao Bang
2025-04-14 01:00:00,20.3,9.5,50.0,0.0,,276.0,3.2,,1017.0,,3.0,Meteostat,Cao Bang
2025-04-14 02:00:00,22.5,9.6,44.0,0.0,,257.0,4.0,,1017.2,,3.0,Meteostat,Cao Bang
2025-04-14 03:00:00,25.1,10.2,39.0,0.0,,237.0,4.3,,1017.2,,3.0,Meteostat,Cao Bang
2025-04-14 04:00:00,26.9,10.6,36.0,0.0,,224.0,6.1,,1016.6,,3.0,Meteostat,Cao Bang
2025-04-14 05:00:00,28.7,11.3,34.0,0.0,,211.0,6.5,,1015.4,,3.0,Meteostat,Cao Bang
2025-04-14 06:00:00,29.3,10.4,31.0,0.0,,215.0,8.6,,1014.1,,2.0,Meteostat,Cao Bang
2025-04-14 07:00:00,29.9,9.9,29.0,0.0,,210.0,8.6,,1012.9,,3.0,Meteostat,Cao Bang
2025-04-14 08:00:00,30.7,9.6,27.0,0.0,,198.0,8.6,,1011.6,,3.0,Meteostat,Cao Bang
2025-04-14 09:00:00,30.5,9.4,27.0,0.0,,164.0,9.7,,1010.9,,3.0,Meteostat,Cao Bang
2025-04-14 10:00:00,28.7,13.4,39.0,0.0,,175.0,8.3,,1010.9,,3.0,Meteostat,Cao Bang
2025-04-14 11:00:00,24.6,13.2,49.0,0.0,,157.0,6.5,,1011.5,,3.0,Meteostat,Cao Bang
2025-04-14 12:00:00,21.9,12.2,54.0,0.0,,116.0,4.7,,1012.5,,3.0,Meteostat,Cao Bang
2025-04-14 13:00:00,21.1,11.7,55.0,0.0,,73.0,3.6,,1013.5,,3.0,Meteostat,Cao Bang
2025-04-14 14:00:00,20.7,11.1,54.0,0.0,,51.0,2.5,,1014.5,,3.0,Meteostat,Cao Bang
2025-04-14 15:00:00,20.4,10.8,54.0,0.0,,54.0,1.8,,1015.1,,3.0,Meteostat,Cao Bang
2025-04-14 16:00:00,20.0,10.7,55.0,0.0,,59.0,2.2,,1015.3,,3.0,Meteostat,Cao Bang
2025-04-14 17:00:00,19.7,10.4,55.0,0.0,,38.0,2.5,,1014.8,,3.0,Meteostat,Cao Bang
2025-04-14 18:00:00,19.1,9.6,54.0,0.0,,66.0,4.0,,1014.8,,3.0,Meteostat,Cao Bang
2025-04-14 19:00:00,18.3,9.6,57.0,0.0,,41.0,4.0,,1014.2,,3.0,Meteostat,Cao Bang
2025-04-14 20:00:00,18.0,9.6,58.0,0.0,,30.0,4.0,,1013.7,,3.0,Meteostat,Cao Bang
2025-04-14 21:00:00,17.8,9.4,58.0,0.0,,336.0,4.3,,1013.5,,3.0,Meteostat,Cao Bang
2025-04-14 22:00:00,17.4,9.8,61.0,0.0,,313.0,5.0,,1013.9,,3.0,Meteostat,Cao Bang
2025-04-14 23:00:00,17.3,10.2,63.0,0.0,,317.0,4.7,,1014.1,,3.0,Meteostat,Cao Bang
2025-04-15 00:00:00,19.4,11.4,60.0,0.0,,287.0,5.0,,1014.4,,3.0,Meteostat,Cao Bang
2025-04-15 01:00:00,22.2,12.2,53.0,0.0,,254.0,3.6,,1014.9,,3.0,Meteostat,Cao Bang
2025-04-15 02:00:00,25.5,13.0,46.0,0.0,,243.0,3.2,,1015.0,,3.0,Meteostat,Cao Bang
2025-04-15 03:00:00,28.4,12.3,37.0,0.0,,235.0,5.8,,1014.3,,3.0,Meteostat,Cao Bang
2025-04-15 04:00:00,30.8,9.1,26.0,0.0,,188.0,7.9,,1013.4,,3.0,Meteostat,Cao Bang
2025-04-15 05:00:00,32.4,5.8,19.0,0.0,,161.0,10.1,,1012.2,,3.0,Meteostat,Cao Bang
2025-04-15 06:00:00,33.3,3.2,15.0,0.0,,149.0,13.0,,1010.7,,3.0,Meteostat,Cao Bang
2025-04-15 07:00:00,33.4,3.2,15.0,0.0,,152.0,14.0,,1009.6,,3.0,Meteostat,Cao Bang
2025-04-15 08:00:00,32.9,3.8,16.0,0.0,,166.0,13.7,,1008.2,,3.0,Meteostat,Cao Bang
2025-04-15 09:00:00,32.1,4.0,17.0,0.0,,170.0,12.6,,1007.4,,3.0,Meteostat,Cao Bang
2025-04-15 10:00:00,30.2,7.4,24.0,0.0,,162.0,11.9,,1007.2,,3.0,Meteostat,Cao Bang
2025-04-15 11:00:00,26.7,7.7,30.0,0.0,,160.0,12.6,,1008.2,,3.0,Meteostat,Cao Bang
2025-04-15 12:00:00,24.1,8.9,38.0,0.0,,147.0,11.2,,1009.6,,3.0,Meteostat,Cao Bang
2025-04-15 13:00:00,22.2,8.3,41.0,0.0,,114.0,10.4,,1011.2,,3.0,Meteostat,Cao Bang
2025-04-15 14:00:00,21.6,8.1,42.0,0.0,,106.0,9.7,,1012.4,,3.0,Meteostat,Cao Bang
2025-04-15 15:00:00,21.2,10.1,49.0,0.0,,101.0,9.7,,1013.2,,3.0,Meteostat,Cao Bang
2025-04-15 16:00:00,20.5,12.2,59.0,0.0,,98.0,9.0,,1013.1,,3.0,Meteostat,Cao Bang
2025-04-15 17:00:00,19.7,12.9,65.0,0.0,,97.0,8.3,,1012.5,,3.0,Meteostat,Cao Bang
2025-04-15 18:00:00,19.4,13.1,67.0,0.0,,100.0,9.4,,1011.5,,3.0,Meteostat,Cao Bang
2025-04-15 19:00:00,18.7,12.7,68.0,0.0,,104.0,8.6,,1010.6,,3.0,Meteostat,Cao Bang
2025-04-15 20:00:00,17.9,12.1,69.0,0.0,,107.0,9.4,,1009.9,,3.0,Meteostat,Cao Bang
2025-04-15 21:00:00,17.8,11.6,67.0,0.0,,102.0,9.7,,1010.0,,3.0,Meteostat,Cao Bang
2025-04-15 22:00:00,17.6,10.9,65.0,0.0,,98.0,9.4,,1010.3,,3.0,Meteostat,Cao Bang
2025-04-15 23:00:00,17.7,10.8,64.0,0.0,,98.0,8.6,,1010.4,,3.0,Meteostat,Cao Bang
2025-04-16 00:00:00,19.3,11.1,59.0,0.0,,88.0,8.6,,1010.9,,3.0,Meteostat,Cao Bang
2025-04-16 01:00:00,21.8,10.6,49.0,0.0,,116.0,9.0,,1011.2,,3.0,Meteostat,Cao Bang
2025-04-16 02:00:00,24.5,9.6,39.0,0.0,,153.0,10.4,,1010.7,,3.0,Meteostat,Cao Bang
2025-04-16 03:00:00,27.1,9.4,33.0,0.0,,174.0,11.9,,1009.9,,2.0,Meteostat,Cao Bang
2025-04-16 04:00:00,29.1,10.3,31.0,0.0,,175.0,14.0,,1008.6,,3.0,Meteostat,Cao Bang
2025-04-16 05:00:00,30.4,11.9,32.0,0.0,,174.0,16.6,,1007.2,,3.0,Meteostat,Cao Bang
2025-04-16 06:00:00,31.2,13.0,33.0,0.0,,177.0,17.6,,1005.8,,3.0,Meteostat,Cao Bang
2025-04-16 07:00:00,31.6,13.8,34.0,0.0,,178.0,17.6,,1004.4,,3.0,Meteostat,Cao Bang
2025-04-16 08:00:00,31.3,14.5,36.0,0.0,,177.0,18.0,,1003.5,,1.0,Meteostat,Cao Bang
2025-04-16 09:00:00,30.3,14.0,37.0,0.0,,173.0,18.0,,1002.9,,1.0,Meteostat,Cao Bang
2025-04-16 10:00:00,29.0,14.0,40.0,0.0,,169.0,15.5,,1002.7,,2.0,Meteostat,Cao Bang
2025-04-16 11:00:00,26.8,13.9,45.0,0.0,,159.0,15.1,,1003.3,,1.0,Meteostat,Cao Bang
2025-04-16 12:00:00,25.1,15.1,54.0,0.0,,156.0,15.1,,1004.6,,2.0,Meteostat,Cao Bang
2025-04-16 13:00:00,23.9,16.4,63.0,0.0,,154.0,15.5,,1005.5,,2.0,Meteostat,Cao Bang
2025-04-16 14:00:00,23.0,16.8,68.0,0.0,,147.0,15.8,,1006.9,,3.0,Meteostat,Cao Bang
2025-04-16 15:00:00,22.3,16.3,69.0,0.0,,139.0,16.9,,1007.7,,3.0,Meteostat,Cao Bang
2025-04-16 16:00:00,21.7,16.4,72.0,0.0,,133.0,16.9,,1007.5,,3.0,Meteostat,Cao Bang
2025-04-16 17:00:00,21.2,17.0,77.0,0.0,,128.0,16.2,,1007.0,,3.0,Meteostat,Cao Bang
2025-04-16 18:00:00,20.8,17.6,82.0,0.0,,127.0,15.1,,1006.4,,3.0,Meteostat,Cao Bang
2025-04-16 19:00:00,20.6,18.2,86.0,0.0,,125.0,14.8,,1005.7,,3.0,Meteostat,Cao Bang
2025-04-16 20:00:00,20.4,18.5,89.0,0.0,,126.0,14.0,,1005.3,,3.0,Meteostat,Cao Bang
2025-04-16 21:00:00,20.7,19.0,90.0,0.0,,130.0,13.3,,1005.4,,3.0,Meteostat,Cao Bang
2025-04-16 22:00:00,20.6,19.3,92.0,0.0,,132.0,13.3,,1005.7,,3.0,Meteostat,Cao Bang
2025-04-16 23:00:00,20.9,19.6,92.0,0.0,,136.0,12.2,,1006.1,,3.0,Meteostat,Cao Bang
2025-04-17 00:00:00,21.7,19.4,87.0,0.0,,165.0,11.9,,1007.0,,3.0,Meteostat,Cao Bang
2025-04-17 01:00:00,23.1,19.7,81.0,0.0,,178.0,11.5,,1007.3,,3.0,Meteostat,Cao Bang
2025-04-17 02:00:00,25.2,20.0,73.0,0.0,,188.0,11.9,,1007.1,,3.0,Meteostat,Cao Bang
2025-04-17 03:00:00,28.0,19.8,61.0,0.0,,214.0,11.9,,1006.3,,3.0,Meteostat,Cao Bang
2025-04-17 04:00:00,31.3,19.3,49.0,0.0,,212.0,13.7,,1004.9,,3.0,Meteostat,Cao Bang
2025-04-17 05:00:00,32.4,19.6,47.0,0.0,,199.0,15.8,,1003.5,,3.0,Meteostat,Cao Bang
2025-04-17 06:00:00,33.6,19.3,43.0,0.0,,204.0,15.1,,1002.1,,2.0,Meteostat,Cao Bang
2025-04-17 07:00:00,,,,,,,,,,,,Meteostat,Cao Bang
2025-04-17 08:00:00,,,,,,,,,,,,Meteostat,Cao Bang
2025-04-17 09:00:00,,,,,,,,,,,,Meteostat,Cao Bang
2025-04-17 10:00:00,,,,,,,,,,,,Meteostat,Cao Bang
2025-04-17 11:00:00,,,,,,,,,,,,Meteostat,Cao Bang
2025-04-17 12:00:00,27.4,20.0,64.0,,,158.0,6.1,,1001.8,,,Meteostat,Cao Bang
